segment_id,track_id,segment_position,tempo,rms_mean,rms_std,spectral_centroid_mean,spectral_centroid_std,chroma_0,chroma_1,chroma_2,chroma_3,chroma_4,chroma_5,chroma_6,chroma_7,chroma_8,chroma_9,chroma_10,chroma_11,mfcc_mean_0,mfcc_mean_1,mfcc_mean_2,mfcc_mean_3,mfcc_mean_4,mfcc_mean_5,mfcc_mean_6,mfcc_mean_7,mfcc_mean_8,mfcc_mean_9,mfcc_mean_10,mfcc_mean_11,mfcc_mean_12,mfcc_mean_13,mfcc_mean_14,mfcc_mean_15,mfcc_mean_16,mfcc_mean_17,mfcc_mean_18,mfcc_mean_19,mfcc_std_0,mfcc_std_1,mfcc_std_2,mfcc_std_3,mfcc_std_4,mfcc_std_5,mfcc_std_6,mfcc_std_7,mfcc_std_8,mfcc_std_9,mfcc_std_10,mfcc_std_11,mfcc_std_12,mfcc_std_13,mfcc_std_14,mfcc_std_15,mfcc_std_16,mfcc_std_17,mfcc_std_18,mfcc_std_19
10_full,10,full_clip,112.34714673913044,0.18817201256752014,0.0449259951710701,2358.1292004964866,382.23156790236493,0.2836853861808777,0.649418830871582,0.33062365651130676,0.34729188680648804,0.23140273988246918,0.32343819737434387,0.7007427215576172,0.3389850854873657,0.3810555338859558,0.30897819995880127,0.5693831443786621,0.30726855993270874,-16.811267852783203,93.612060546875,-47.82464599609375,31.57790756225586,-3.7626709938049316,1.4105149507522583,-1.5081638097763062,1.8848598003387451,-4.522624492645264,-0.24713905155658722,-8.496405601501465,1.502116084098816,-5.69439697265625,1.954595685005188,-4.378735065460205,-1.583632230758667,-2.519911527633667,2.3816585540771484,-0.38851454854011536,3.240077018737793,28.82025909423828,20.560604095458984,17.618167877197266,11.720850944519043,11.232317924499512,7.719640254974365,8.091218948364258,7.520698070526123,7.66586446762085,6.616942405700684,6.9299774169921875,5.945479869842529,6.059512138366699,5.559237957000732,5.726149559020996,6.524522304534912,5.731712341308594,6.350440502166748,5.508019924163818,5.445374488830566
140_full,140,full_clip,107.666015625,0.06920197606086731,0.038051996380090714,1765.8786085049176,1035.999911713885,0.24283833801746368,0.2709643840789795,0.36477309465408325,0.34589433670043945,0.3798626661300659,0.4332026243209839,0.27343013882637024,0.2340148240327835,0.20070676505565643,0.2749689519405365,0.2947468161582947,0.23070769011974335,-278.1531677246094,100.80628204345703,37.054443359375,34.90519714355469,26.75295066833496,11.046148300170898,10.796271324157715,4.900579929351807,1.32712721824646,6.392082691192627,-4.154796123504639,-2.2210822105407715,-6.230344295501709,2.295226812362671,-7.694823265075684,0.6682831645011902,-4.666604995727539,-1.304038405418396,-5.808457374572754,-1.6890976428985596,85.81816101074219,35.798805236816406,21.708694458007812,15.54963493347168,14.020219802856445,15.923123359680176,10.831563949584961,10.057596206665039,9.76691722869873,10.726286888122559,9.281978607177734,7.858422756195068,8.204469680786133,7.906865119934082,7.237301349639893,6.592649936676025,6.154853343963623,6.2545166015625,6.819813251495361,6.646986961364746
141_full,141,full_clip,103.359375,0.1013149544596672,0.07818319648504257,1666.7030611493838,809.7985071514943,0.16410444676876068,0.15320254862308502,0.24300184845924377,0.1867435723543167,0.23410625755786896,0.37378665804862976,0.2429599165916443,0.2253832072019577,0.2141108363866806,0.3854994773864746,0.513580322265625,0.21438944339752197,-208.30751037597656,116.04640197753906,-1.2435424327850342,25.513240814208984,10.181236267089844,-4.659219741821289,7.74548864364624,-5.591128349304199,0.4359116554260254,1.755257248878479,-2.8628077507019043,-3.865901231765747,-4.367316246032715,2.6990628242492676,-1.6625299453735352,4.666530132293701,0.26912805438041687,2.691866874694824,-8.287060737609863,-1.4948636293411255,113.65717315673828,34.91336441040039,16.60110855102539,15.940960884094238,14.106952667236328,14.102343559265137,12.32877254486084,9.9419584274292,9.10744571685791,7.784069538116455,8.258626937866211,8.820259094238281,7.397378921508789,8.559032440185547,9.45982551574707,9.749276161193848,9.598772048950195,7.808608055114746,8.252581596374512,9.453534126281738
190_full,190,full_clip,99.38401442307692,0.1329244077205658,0.06510096043348312,1907.45939810911,708.2758676452825,0.22902727127075195,0.1515938937664032,0.23215189576148987,0.19961890578269958,0.3860965669155121,0.2809494733810425,0.25504669547080994,0.26329028606414795,0.2612559497356415,0.30852755904197693,0.15379688143730164,0.21801786124706268,-139.52127075195312,96.60173034667969,-22.872535705566406,25.55833625793457,-7.46484375,-3.78387188911438,-21.777050018310547,-7.035937309265137,-19.873027801513672,-6.061237335205078,-16.010574340820312,-5.297312259674072,-8.1741304397583,-6.64364767074585,-7.648324012756348,-9.228780746459961,-8.705999374389648,-2.4688165187835693,-5.841622352600098,-8.476313591003418,51.3983268737793,24.937911987304688,16.192651748657227,18.296546936035156,9.462401390075684,10.490449905395508,9.641363143920898,7.3150410652160645,10.826732635498047,8.970040321350098,8.246697425842285,9.086227416992188,9.763794898986816,9.549704551696777,10.342358589172363,9.580204010009766,8.959518432617188,9.999951362609863,9.87647533416748,9.850874900817871
193_full,193,full_clip,95.703125,0.08332119137048721,0.04342823475599289,1588.0792816709427,627.4246003905253,0.29846253991127014,0.41647663712501526,0.38739773631095886,0.4702453911304474,0.4287864863872528,0.32595595717430115,0.3259296119213104,0.19200971722602844,0.3138331472873688,0.3035259544849396,0.2945255637168884,0.27105146646499634,-198.0187530517578,120.31739044189453,-29.394861221313477,35.394378662109375,-10.06450080871582,4.930169582366943,-13.594505310058594,-5.610517501831055,-16.011978149414062,-8.161908149719238,-11.371818542480469,-5.35731840133667,-7.500234603881836,-7.4358978271484375,-13.5421142578125,-8.798376083374023,-10.156551361083984,-9.017191886901855,-9.160036087036133,-10.055929183959961,100.51422882080078,33.3328857421875,15.649046897888184,14.947972297668457,9.519027709960938,7.692274570465088,11.495553016662598,7.0680999755859375,7.971820831298828,8.593300819396973,7.525207996368408,8.049454689025879,8.217469215393066,7.268916130065918,8.406591415405273,8.355497360229492,8.27305793762207,10.093876838684082,9.074750900268555,10.073277473449707
194_full,194,full_clip,103.359375,0.09644541144371033,0.0567452646791935,1550.1674954482712,490.795592443595,0.286138653755188,0.29874521493911743,0.3353268504142761,0.24120394885540009,0.4115672707557678,0.358238160610199,0.23931457102298737,0.24418778717517853,0.297985702753067,0.42720526456832886,0.26015058159828186,0.2871990501880646,-184.573974609375,118.74888610839844,-26.50770378112793,29.067913055419922,-8.133895874023438,3.6001927852630615,-12.233663558959961,-1.8389418125152588,-16.644729614257812,-5.9524946212768555,-12.991281509399414,-2.82989239692688,-8.445209503173828,-9.686760902404785,-8.832265853881836,-5.864762783050537,-9.672530174255371,-7.012378215789795,-7.962305068969727,-7.141359329223633,95.31651306152344,24.96548843383789,16.668312072753906,14.729266166687012,11.399337768554688,9.081096649169922,10.725410461425781,7.479388236999512,9.760100364685059,7.982375621795654,8.212471961975098,7.501728057861328,6.859915733337402,7.687219619750977,7.68574333190918,7.151805400848389,8.164815902709961,8.43923282623291,10.775147438049316,9.438410758972168
197_full,197,full_clip,117.45383522727273,0.04562141373753548,0.0376550666987896,1144.7857691616907,453.7269494809691,0.47669878602027893,0.2934269607067108,0.38050317764282227,0.2688731253147125,0.3676464557647705,0.33504289388656616,0.14264105260372162,0.1289159506559372,0.13658207654953003,0.27133044600486755,0.14494676887989044,0.3384815454483032,-296.2906494140625,126.96947479248047,-11.064435005187988,17.68692970275879,-0.5898452997207642,-4.799646854400635,-7.69591760635376,-6.302616596221924,-10.07353687286377,-7.506361484527588,-7.795641899108887,-7.61733865737915,-5.711171627044678,-7.77107048034668,-12.37087631225586,-6.606335639953613,-7.404043674468994,-7.601865768432617,-5.1094818115234375,-3.703718900680542,93.39572143554688,24.985429763793945,29.351972579956055,17.83418083190918,16.19622039794922,10.420150756835938,13.184396743774414,10.22298526763916,8.651979446411133,7.018203258514404,6.97904109954834,7.767335414886475,8.481088638305664,8.88729476928711,9.7239990234375,7.745371341705322,8.525568008422852,9.183279991149902,7.794112682342529,8.160884857177734
200_full,200,full_clip,99.38401442307692,0.12094605714082718,0.06710676848888397,1924.4809427687883,727.1615888721069,0.36833271384239197,0.3621961772441864,0.4416941702365875,0.3788323402404785,0.4751031994819641,0.31577959656715393,0.2866389751434326,0.3847912847995758,0.2555616497993469,0.31826043128967285,0.2628338932991028,0.4146350622177124,-122.23910522460938,102.79864501953125,-30.519062042236328,40.598384857177734,-10.096219062805176,1.388702154159546,-12.195566177368164,-3.105085611343384,-10.733683586120605,-6.6995954513549805,-16.562450408935547,-8.268117904663086,-7.177764415740967,-11.390204429626465,-8.266889572143555,-4.74204683303833,-6.9708075523376465,-8.235042572021484,-12.831156730651855,-9.338757514953613,53.572147369384766,27.468212127685547,17.16632652282715,15.339378356933594,9.434444427490234,9.369865417480469,8.828763008117676,7.946583271026611,7.586356163024902,6.6056952476501465,9.449663162231445,8.559351921081543,5.961576461791992,6.454080581665039,6.3874125480651855,6.75301456451416,7.0735931396484375,5.999880790710449,7.026893615722656,6.063938617706299
203_full,203,full_clip,123.046875,0.0877184048295021,0.03982723131775856,1353.373361511921,529.4089372769879,0.15683826804161072,0.2637418806552887,0.18609948456287384,0.16626089811325073,0.20860551297664642,0.11487309634685516,0.21674789488315582,0.058239564299583435,0.10584665089845657,0.41924047470092773,0.1607128083705902,0.21548281610012054,-267.04864501953125,123.4970703125,2.1895222663879395,12.940072059631348,-19.17814064025879,-17.803226470947266,-21.06241798400879,-14.292016983032227,-23.150373458862305,-13.284433364868164,-18.255935668945312,-13.553189277648926,-2.6895463466644287,2.883110523223877,2.659108877182007,2.7650303840637207,-1.6906596422195435,-2.1168813705444336,-0.3250409960746765,1.9021130800247192,76.8145751953125,26.07489776611328,15.603812217712402,13.346247673034668,10.225577354431152,11.157437324523926,10.273004531860352,9.760478019714355,10.1640043258667,9.400042533874512,10.573851585388184,9.597857475280762,11.672347068786621,13.0441255569458,12.48110294342041,14.13102912902832,11.092459678649902,10.014871597290039,9.92492961883545,12.127423286437988
204_full,204,full_clip,107.666015625,0.11723078042268753,0.04277651011943817,1774.3956390996852,1007.6152014589661,0.14743578433990479,0.2731713652610779,0.3613615036010742,0.18404312431812286,0.1554555594921112,0.1952437162399292,0.4881356954574585,0.37040138244628906,0.23336674273014069,0.3453948199748993,0.20235033333301544,0.24515609443187714,-163.85044860839844,121.32115173339844,-15.035816192626953,17.012907028198242,7.450285911560059,0.21133004128932953,-14.12711238861084,-9.380688667297363,-15.681947708129883,-5.379327297210693,-15.067231178283691,-2.674050807952881,-12.930340766906738,-7.612197399139404,-2.2033650875091553,-9.387195587158203,0.026266014203429222,1.7912572622299194,0.2038876861333847,-0.4887964427471161,70.629638671875,39.39785385131836,22.57819938659668,15.686649322509766,15.129749298095703,10.66158390045166,11.521759986877441,8.64574146270752,9.234172821044922,10.177063941955566,9.406333923339844,8.08254337310791,8.967164039611816,7.716454982757568,9.226932525634766,10.944458961486816,8.90137767791748,8.775805473327637,10.350811004638672,9.130117416381836
207_full,207,full_clip,123.046875,0.047669220715761185,0.05081307888031006,1248.1288025300898,589.6671511648603,0.2661476135253906,0.1797502487897873,0.20992614328861237,0.15383976697921753,0.2474968433380127,0.20092542469501495,0.14822225272655487,0.21699446439743042,0.11790081113576889,0.16800297796726227,0.1882135570049286,0.4027979373931885,-371.1177673339844,101.0406265258789,1.8138699531555176,10.012369155883789,-7.3179168701171875,-8.986124992370605,-9.462764739990234,-5.686401844024658,-7.516028881072998,-3.40864896774292,-2.350235939025879,-4.050116539001465,-4.095437049865723,-5.412485122680664,-7.041994571685791,-4.963990688323975,-5.406167507171631,-5.938797950744629,-8.307677268981934,-4.805556774139404,115.56513214111328,46.26832580566406,27.345685958862305,18.73418426513672,15.639148712158203,10.803290367126465,12.090964317321777,9.647439002990723,10.41052532196045,8.62878131866455,10.413725852966309,12.020916938781738,10.197983741760254,10.694942474365234,13.995949745178223,13.012999534606934,12.062996864318848,14.39667797088623,14.81573486328125,13.972162246704102
210_full,210,full_clip,95.703125,0.14652767777442932,0.08303050696849823,1828.6274774830524,439.09933135183314,0.2318706512451172,0.5178302526473999,0.46858757734298706,0.24342741072177887,0.3411235809326172,0.2391275018453598,0.4167126417160034,0.28276461362838745,0.2828190326690674,0.39906489849090576,0.1967790126800537,0.23417973518371582,-104.01535034179688,109.03584289550781,-30.92787742614746,18.315174102783203,-5.612605094909668,-0.9462853670120239,-13.329197883605957,-0.5954930186271667,-17.12824821472168,-6.015072345733643,-15.054910659790039,-1.7612890005111694,-10.481281280517578,-12.843287467956543,-10.174508094787598,-8.310149192810059,-4.687366962432861,-1.642930030822754,-10.304591178894043,-3.2962141036987305,42.962650299072266,20.49944305419922,12.742463111877441,12.21986198425293,9.6043119430542,8.089971542358398,10.308987617492676,7.541337490081787,8.070060729980469,8.61503791809082,8.086559295654297,7.565883636474609,7.37819766998291,7.036605358123779,8.612224578857422,6.418170928955078,6.055954933166504,6.492624759674072,7.004644393920898,8.416694641113281
211_full,211,full_clip,99.38401442307692,0.13830387592315674,0.06335271149873734,1599.6535224584225,431.1522564858412,0.23096299171447754,0.29427480697631836,0.531954824924469,0.23275244235992432,0.24237006902694702,0.28370776772499084,0.4976290762424469,0.33104434609413147,0.20313119888305664,0.2582171559333801,0.14424113929271698,0.3083415925502777,-129.2234344482422,126.0466079711914,-34.68517303466797,22.836715698242188,-13.058366775512695,-5.246881484985352,-15.887996673583984,-10.43881893157959,-21.008018493652344,-11.184244155883789,-14.309571266174316,-7.139994144439697,-8.396193504333496,-10.066374778747559,-5.173895835876465,-6.779067516326904,-6.822683334350586,-2.85984468460083,-4.01801872253418,-3.280311346054077,57.18826675415039,21.160823822021484,15.783163070678711,13.016124725341797,11.607508659362793,9.356241226196289,9.001363754272461,8.32899284362793,10.277376174926758,8.677790641784668,7.629088401794434,6.799076557159424,9.008818626403809,8.008739471435547,9.0370512008667,9.505695343017578,7.740488052368164,7.114408493041992,8.627581596374512,6.446552753448486
212_full,212,full_clip,99.38401442307692,0.11120502650737762,0.04217294976115227,2363.4700624809393,904.0477805940593,0.27007395029067993,0.32688286900520325,0.5373176336288452,0.26020297408103943,0.2690960466861725,0.30428728461265564,0.500828742980957,0.39368799328804016,0.26781198382377625,0.31207719445228577,0.1982097327709198,0.35618942975997925,-110.08956146240234,102.70382690429688,11.440732955932617,15.548412322998047,12.660968780517578,2.7369699478149414,-0.5215775966644287,1.5250208377838135,-9.223904609680176,-0.8064422607421875,-4.044992446899414,2.237441301345825,-1.9679802656173706,-0.5533871650695801,1.041959524154663,2.1601717472076416,-1.311604619026184,3.46016263961792,1.3094818592071533,2.5391244888305664,51.168426513671875,29.30893898010254,21.993093490600586,15.611721992492676,14.751338958740234,9.567431449890137,9.33337688446045,7.949539661407471,8.733329772949219,7.899335861206055,6.557384014129639,6.454005718231201,7.975542068481445,6.702503681182861,7.277860641479492,7.365128517150879,6.984503746032715,6.513494491577148,7.4135918617248535,6.606203079223633
213_full,213,full_clip,143.5546875,0.06825069338083267,0.03812778741121292,1136.2328968131674,633.588906030783,0.1191551610827446,0.18044179677963257,0.3183720111846924,0.09716032445430756,0.07231330126523972,0.22774985432624817,0.6797969937324524,0.19361169636249542,0.2837732136249542,0.6575717329978943,0.2634710669517517,0.28905925154685974,-263.8649597167969,160.1286163330078,0.7556228041648865,14.809478759765625,12.257747650146484,-9.200400352478027,-10.54259967803955,0.717019259929657,-7.993383407592773,-9.54159927368164,-11.443537712097168,-5.594189643859863,-4.268339157104492,-11.351195335388184,-18.306718826293945,-2.7871601581573486,-4.683436393737793,1.179762601852417,4.614193916320801,-3.766160488128662,73.31582641601562,37.26272201538086,22.827404022216797,15.237951278686523,9.355783462524414,10.255148887634277,7.192570686340332,10.532904624938965,8.787565231323242,8.013952255249023,8.201892852783203,6.911774158477783,6.6517229080200195,7.905162334442139,7.403169631958008,5.988190650939941,6.475044250488281,7.5295610427856445,8.436230659484863,7.8102641105651855
534_full,534,full_clip,151.99908088235293,0.08785534650087357,0.05257255211472511,1014.0193797914358,425.37877996494524,0.1941920816898346,0.1392253190279007,0.2602773606777191,0.4797387421131134,0.2286548614501953,0.18629302084445953,0.17353053390979767,0.2928328514099121,0.38746723532676697,0.3908890187740326,0.5088697075843811,0.2703823745250702,-259.6943664550781,150.06382751464844,34.30824661254883,54.394187927246094,-13.192789077758789,3.8903942108154297,11.928771018981934,-16.344310760498047,-5.835248947143555,-0.305136114358902,-5.337707042694092,-4.888521194458008,-7.880688190460205,4.904985427856445,-1.6871165037155151,0.5728750228881836,-1.6916029453277588,-3.3099870681762695,-3.0771324634552,-0.0054798792116343975,50.37961959838867,21.19446563720703,22.53437042236328,10.611961364746094,11.102608680725098,10.77193832397461,9.056660652160645,6.986489295959473,10.77805233001709,8.202592849731445,6.683392524719238,8.863343238830566,6.882061004638672,5.823464393615723,6.159768104553223,6.819276809692383,6.214176654815674,5.830947399139404,7.257461071014404,6.473374843597412
540_full,540,full_clip,143.5546875,0.09339183568954468,0.038969993591308594,1388.7988484164623,465.54219969699204,0.19629116356372833,0.18237927556037903,0.1790107786655426,0.3162963390350342,0.17274683713912964,0.20599128305912018,0.18007902801036835,0.4095400869846344,0.754410445690155,0.3350421190261841,0.1375686079263687,0.1339094638824463,-205.5589141845703,137.50527954101562,-3.9164013862609863,55.906455993652344,-7.8923726081848145,-1.6849395036697388,13.009443283081055,-10.719626426696777,-16.96033477783203,-1.0430521965026855,1.7869497537612915,-2.309185266494751,-10.65290355682373,-1.189090371131897,-10.628740310668945,-2.2600951194763184,-5.787700176239014,-1.5994932651519775,0.07445187866687775,0.132074773311615,62.755374908447266,23.94462776184082,24.873828887939453,13.555456161499023,13.034500122070312,11.362817764282227,10.193573951721191,8.613934516906738,10.360272407531738,10.087544441223145,9.65494155883789,8.703113555908203,7.210578441619873,7.399386405944824,7.367351055145264,7.305349826812744,6.737103462219238,6.150600433349609,6.326766014099121,7.079594135284424
546_full,546,full_clip,103.359375,0.08548096567392349,0.039224036037921906,1267.0933331837384,486.9204662138058,0.20420612394809723,0.18706904351711273,0.2965078353881836,0.3552851378917694,0.2285829782485962,0.27842050790786743,0.4351801872253418,0.46156057715415955,0.3444249927997589,0.26091811060905457,0.2098449468612671,0.2041683942079544,-224.2866973876953,149.19085693359375,-0.5500539541244507,52.67789077758789,-15.647808074951172,-3.649064540863037,18.513261795043945,-5.949930667877197,-14.18348503112793,-1.2737778425216675,-4.260520935058594,5.304917812347412,-13.16099739074707,-2.4300949573516846,-4.571125030517578,-6.053201675415039,0.5607276558876038,-3.199216365814209,1.7666863203048706,-1.50987708568573,66.9059829711914,28.31096076965332,20.850156784057617,15.281278610229492,14.606385231018066,12.147892951965332,11.3309907913208,9.016056060791016,8.710721969604492,8.686760902404785,7.788125991821289,8.275690078735352,7.618420600891113,8.08631420135498,6.791603088378906,6.025331974029541,6.9372687339782715,6.057836055755615,6.002686500549316,6.309393882751465
602_full,602,full_clip,151.99908088235293,0.044568099081516266,0.02018207684159279,772.6876160989185,542.2220471613635,0.10412313789129257,0.23942157626152039,0.5532554388046265,0.2144302874803543,0.24935615062713623,0.523235559463501,0.16046229004859924,0.0824110358953476,0.11661020666360855,0.2886359393596649,0.18589763343334198,0.1405443549156189,-400.3229675292969,171.73196411132812,25.713817596435547,21.745742797851562,20.039037704467773,4.416427135467529,-0.8448557257652283,-8.318851470947266,-16.787015914916992,-15.091737747192383,-14.576436996459961,-16.165348052978516,-10.849007606506348,-5.585831642150879,-10.095144271850586,-4.489717960357666,-5.361492156982422,-3.6021363735198975,-2.475186824798584,3.367067575454712,62.05826187133789,28.832534790039062,21.572227478027344,14.948862075805664,10.721283912658691,7.810463905334473,10.048538208007812,11.773165702819824,9.115735054016113,7.6544365882873535,6.956930160522461,9.217763900756836,8.967326164245605,9.564748764038086,9.698925018310547,8.598348617553711,6.233007431030273,8.195301055908203,8.84817886352539,10.148295402526855
620_full,620,full_clip,135.99917763157896,0.10727512836456299,0.04374529421329498,1985.82225176154,830.9867440159799,0.21517981588840485,0.11565299332141876,0.2189795970916748,0.1240789070725441,0.276750773191452,0.16826048493385315,0.17983479797840118,0.31836414337158203,0.4111238420009613,0.780810534954071,0.34037840366363525,0.28531739115715027,-161.60647583007812,103.40327453613281,-2.7421839237213135,23.88797378540039,5.129904747009277,-0.19540299475193024,-6.830770969390869,-0.8736726641654968,-11.264754295349121,-8.521347999572754,-12.063763618469238,-4.538933753967285,-7.35322380065918,-5.684717655181885,-7.202277183532715,-6.996549129486084,-11.299346923828125,-8.690655708312988,-9.298110961914062,-6.55186653137207,75.39319610595703,36.84674072265625,22.008182525634766,11.489266395568848,8.073166847229004,7.79229736328125,6.200511932373047,6.89112663269043,7.2416605949401855,6.36025333404541,8.43954086303711,9.375574111938477,7.898959636688232,8.082550048828125,7.993955612182617,6.878787994384766,6.512966632843018,5.437224388122559,6.025638580322266,6.687438488006592
621_full,621,full_clip,99.38401442307692,0.1589042991399765,0.07000090181827545,1758.9903421315705,626.2721692873454,0.2619801163673401,0.13933151960372925,0.2629999816417694,0.23452593386173248,0.4126339256763458,0.2196531593799591,0.4063306450843811,0.3859807550907135,0.22153186798095703,0.2710854113101959,0.24589478969573975,0.46654587984085083,-117.21344757080078,110.19398498535156,-23.290929794311523,21.87103271484375,-9.071065902709961,5.298259735107422,-16.939472198486328,-2.818162441253662,-18.92999267578125,-5.6888580322265625,-13.414286613464355,-11.593607902526855,-12.043353080749512,-8.873917579650879,-6.361250877380371,-4.144198417663574,-12.341102600097656,-10.02542495727539,-9.351876258850098,-6.8042073249816895,56.45174026489258,25.901357650756836,17.010852813720703,15.655865669250488,10.850176811218262,11.00826644897461,9.587114334106445,9.346096992492676,9.63547420501709,9.8804931640625,9.51541805267334,7.721827507019043,8.61219310760498,8.94646167755127,9.497041702270508,11.030996322631836,10.3329439163208,8.724059104919434,7.763204097747803,7.970905303955078
625_full,625,full_clip,92.28515625,0.1860923171043396,0.08297105878591537,1716.038125770984,804.8282544382878,0.5786267518997192,0.27971088886260986,0.21671998500823975,0.12760940194129944,0.29401808977127075,0.3569939434528351,0.27933600544929504,0.3858528435230255,0.17285162210464478,0.19682225584983826,0.16206280887126923,0.21527794003486633,-123.40558624267578,112.56578826904297,-24.57356834411621,18.3463134765625,0.17398220300674438,0.48473459482192993,-9.413678169250488,-10.406770706176758,-12.293292045593262,-2.0627691745758057,-8.621560096740723,-5.844693183898926,-8.872203826904297,-9.869579315185547,-10.954643249511719,-10.993133544921875,-8.003472328186035,-6.813983917236328,-6.673275947570801,-4.722395896911621,82.63300323486328,40.6898307800293,18.251440048217773,20.49751853942871,13.240653038024902,7.838050365447998,10.00065803527832,11.200281143188477,9.20898151397705,10.52343463897705,8.317011833190918,8.730547904968262,10.50893783569336,9.819225311279297,9.685782432556152,9.895892143249512,8.83543872833252,8.265207290649414,9.425155639648438,10.337064743041992
714_full,714,full_clip,129.19921875,0.303232878446579,0.044408876448869705,1229.1129262776465,240.36012808061506,0.17128069698810577,0.16447225213050842,0.3547186553478241,0.5585411190986633,0.6098760366439819,0.14531651139259338,0.08483216166496277,0.06156972795724869,0.14554372429847717,0.3009491562843323,0.7052175998687744,0.5285872220993042,-116.93730926513672,130.13185119628906,9.132439613342285,49.30473709106445,8.336660385131836,-10.22938060760498,13.756635665893555,-7.70299768447876,1.4104599952697754,1.5632922649383545,9.3556489944458,3.9913830757141113,-6.052061080932617,-5.002685546875,-8.722640991210938,-7.0113525390625,-11.393479347229004,-4.170835494995117,-9.731403350830078,2.85125994682312,17.33916473388672,14.047135353088379,14.478299140930176,9.93563461303711,12.431049346923828,10.832523345947266,13.38167953491211,13.844823837280273,13.119728088378906,9.444999694824219,9.91801929473877,12.149715423583984,11.304577827453613,11.825398445129395,11.066936492919922,10.34489917755127,7.789435863494873,7.063816070556641,9.550909996032715,9.534160614013672
715_full,715,full_clip,135.99917763157896,0.1436072289943695,0.04813586175441742,824.4792499122766,114.88192892493821,0.1763206273317337,0.04022211953997612,0.02508324198424816,0.04100055620074272,0.06198490783572197,0.13685691356658936,0.3755991458892822,0.15541057288646698,0.1531812995672226,0.6748665571212769,0.3290329873561859,0.3132321834564209,-220.6683349609375,190.1570281982422,0.6641578078269958,-2.6288387775421143,-10.610316276550293,-4.03655481338501,-11.515008926391602,2.168888568878174,-8.556473731994629,-12.047453880310059,-1.8724859952926636,-10.845836639404297,-20.047632217407227,-4.014251232147217,8.022810935974121,9.903717041015625,12.040108680725098,4.712381362915039,-1.196549892425537,-2.1208930015563965,33.0360221862793,9.25263500213623,15.651033401489258,8.595685958862305,7.918627738952637,6.125648021697998,6.725851535797119,5.207658767700195,5.245241165161133,6.012193202972412,6.229939937591553,5.4598517417907715,7.299313068389893,7.705723285675049,9.694116592407227,8.469947814941406,5.869114875793457,7.4098734855651855,8.317801475524902,7.02952766418457
716_full,716,full_clip,135.99917763157896,0.18193185329437256,0.013695814646780491,1294.0712636554276,268.3183413357221,0.7420397400856018,0.27251332998275757,0.3137100040912628,0.45109978318214417,0.19684647023677826,0.11555605381727219,0.15495769679546356,0.42593058943748474,0.26742202043533325,0.2264343798160553,0.2904456853866577,0.2966143488883972,-107.41978454589844,164.8703155517578,-36.171531677246094,44.51982879638672,-20.207477569580078,-9.757452011108398,1.0935977697372437,1.6688121557235718,-7.705717086791992,-19.71882438659668,-19.497867584228516,3.592984437942505,-0.7596295475959778,-12.415678977966309,-7.38671350479126,-0.25509825348854065,-10.067384719848633,0.6554021239280701,-0.8063613772392273,-17.231908798217773,18.49631118774414,20.25857925415039,13.161520004272461,9.677501678466797,5.959688663482666,5.849766254425049,6.348874092102051,4.97163200378418,5.145907878875732,4.803623199462891,5.3606767654418945,5.891134262084961,6.312472820281982,6.568333148956299,6.431191921234131,6.02176570892334,5.583652973175049,5.663754940032959,6.420079231262207,6.075188159942627
718_full,718,full_clip,107.666015625,0.12418216466903687,0.03005187027156353,3164.5687707187963,661.5437428111346,0.22681570053100586,0.20914529263973236,0.18367768824100494,0.15416200459003448,0.13935649394989014,0.1665523201227188,0.36270856857299805,0.38142988085746765,0.3508565127849579,0.40623223781585693,0.4945131540298462,0.38269320130348206,-89.80213165283203,47.042015075683594,-4.928149223327637,9.099909782409668,-31.97940444946289,-15.880327224731445,-13.825274467468262,4.369723320007324,-17.630413055419922,-18.880901336669922,-10.329045295715332,-0.7387241125106812,-14.18462085723877,2.169297695159912,6.49147891998291,11.928359031677246,-1.4117333889007568,1.6386947631835938,-8.983465194702148,-7.716384410858154,24.990203857421875,25.739843368530273,9.78488826751709,10.662631034851074,10.704708099365234,7.824952602386475,7.2939324378967285,6.911086082458496,6.135820388793945,5.984906196594238,8.04078197479248,7.870140075683594,6.473085880279541,8.549062728881836,9.405113220214844,9.48080062866211,7.709916114807129,7.528526306152344,7.8956708908081055,7.283764362335205
814_full,814,full_clip,80.74951171875,0.12176981568336487,0.039031632244586945,909.0989709528934,402.791201540347,0.16362351179122925,0.41356101632118225,0.1949380487203598,0.1885606050491333,0.19975733757019043,0.12133116275072098,0.27381259202957153,0.18089589476585388,0.2633286118507385,0.21470893919467926,0.24524164199829102,0.237749382853508,-253.71591186523438,168.92349243164062,7.321371555328369,27.85346794128418,7.804830551147461,-12.610535621643066,-3.6640729904174805,-9.165553092956543,-7.264684200286865,-10.362831115722656,-6.266394138336182,-3.63897967338562,-7.687544822692871,-3.2374699115753174,-14.348419189453125,-9.293874740600586,-5.760112285614014,-7.250068664550781,-8.332512855529785,-7.5247297286987305,39.949859619140625,32.346797943115234,25.787065505981445,15.290103912353516,13.826486587524414,14.557759284973145,10.501564979553223,10.859536170959473,10.355782508850098,10.098752975463867,9.52684497833252,10.45236873626709,9.81999397277832,9.837686538696289,9.590426445007324,11.03985595703125,10.379416465759277,9.637800216674805,9.689167022705078,10.429522514343262
821_full,821,full_clip,103.359375,0.1328994780778885,0.08180554956197739,1308.1436518242933,1078.3966311574225,0.5039265751838684,0.510504961013794,0.6341988444328308,0.6924586892127991,0.5048664808273315,0.3416508138179779,0.2805306911468506,0.23021851480007172,0.2407260239124298,0.323332816362381,0.3574049174785614,0.446486234664917,-276.7772216796875,103.60388946533203,30.945276260375977,34.930442810058594,16.930063247680664,8.75747013092041,11.305183410644531,8.4934720993042,4.916713714599609,11.383451461791992,2.9016106128692627,3.072324514389038,2.501051664352417,4.742227554321289,-0.010486175306141376,3.704275369644165,1.8945839405059814,1.6952232122421265,-0.9293231964111328,2.674795627593994,124.23025512695312,44.01008605957031,34.4910888671875,18.19854736328125,14.325843811035156,17.36072540283203,11.118674278259277,12.385674476623535,12.090215682983398,11.848756790161133,8.593575477600098,9.020983695983887,7.871549129486084,7.507861614227295,7.3191328048706055,7.639819145202637,7.4293437004089355,7.5137715339660645,8.765445709228516,7.8576979637146
822_full,822,full_clip,60.09265988372093,0.18459708988666534,0.10798247158527374,1163.5450179804782,822.8417350878559,0.434085488319397,0.3175882399082184,0.3103586733341217,0.3086461126804352,0.36374542117118835,0.5427262187004089,0.4300393760204315,0.43869274854660034,0.5168522596359253,0.5913644433021545,0.6870988011360168,0.5100770592689514,-187.3206024169922,150.4151153564453,15.859890937805176,19.798784255981445,5.807620048522949,8.649422645568848,15.873387336730957,6.811777591705322,4.129638195037842,8.096392631530762,1.4184237718582153,1.5969035625457764,1.8229944705963135,5.465151786804199,1.8085147142410278,0.05970240384340286,-0.8839569687843323,3.1214067935943604,-1.3500347137451172,2.1349568367004395,83.35279846191406,41.265892028808594,18.413272857666016,18.963176727294922,15.470658302307129,12.987698554992676,11.424365997314453,10.020256996154785,8.6036958694458,8.444369316101074,7.932916164398193,8.421855926513672,9.265802383422852,7.624780654907227,6.771677017211914,7.1884660720825195,6.837478160858154,6.670687198638916,6.819817543029785,8.667547225952148
890_full,890,full_clip,89.10290948275862,0.02191828191280365,0.004193236585706472,1266.3013395462742,122.27221256655096,0.2886776030063629,0.13032642006874084,0.24295076727867126,0.40068361163139343,0.5463064312934875,0.28740033507347107,0.6094377040863037,0.23684361577033997,0.20359668135643005,0.44250842928886414,0.3224348723888397,0.6738606095314026,-300.4660339355469,152.83644104003906,-13.849279403686523,39.50244903564453,-20.855545043945312,10.078776359558105,-16.46940803527832,4.025020122528076,-8.853952407836914,3.0858829021453857,-6.156320571899414,10.74416446685791,-3.1139185428619385,-13.498955726623535,7.067092418670654,-10.367313385009766,-2.6754753589630127,9.471397399902344,-8.176877975463867,-1.7924460172653198,20.32819938659668,9.475972175598145,7.750372409820557,6.920897483825684,5.989599227905273,5.082830905914307,6.101336479187012,4.743993282318115,4.743050575256348,5.015775203704834,4.969151496887207,5.435540199279785,4.725756645202637,4.86066198348999,5.753005504608154,5.907769203186035,6.025537967681885,7.393184185028076,5.72127628326416,5.178421497344971
892_full,892,full_clip,172.265625,0.26974400877952576,0.029481997713446617,1051.0805030430777,166.30688762063687,0.18608224391937256,0.2891589403152466,0.5287168025970459,0.23431067168712616,0.15801694989204407,0.2137942612171173,0.3697854280471802,0.5721631050109863,0.34965166449546814,0.4097822308540344,0.25855591893196106,0.19115762412548065,-95.77935028076172,171.0463104248047,-22.84007453918457,20.357498168945312,-11.375913619995117,14.371354103088379,-5.868839740753174,2.9652979373931885,-4.037161350250244,-4.786653995513916,-10.69599437713623,-1.0958563089370728,-3.719477653503418,-4.225924015045166,-7.432685852050781,-0.6996496319770813,-0.3634503185749054,-0.7894683480262756,-9.196979522705078,-7.798430442810059,31.702117919921875,15.213316917419434,11.446457862854004,7.469898700714111,7.512185096740723,7.798448085784912,7.517662525177002,6.305476188659668,6.356614589691162,6.14209508895874,6.4292778968811035,6.333422660827637,6.994004726409912,7.985659122467041,7.236668109893799,7.264535427093506,7.214956760406494,7.911385536193848,5.808633804321289,7.662448406219482
1193_full,1193,full_clip,117.45383522727273,0.17138975858688354,0.05445711687207222,1136.13643058547,441.52201389906264,0.3716526925563812,0.3869535028934479,0.20205385982990265,0.20750266313552856,0.3582792580127716,0.21040689945220947,0.22943247854709625,0.3129047155380249,0.5907689929008484,0.3789219856262207,0.33568212389945984,0.6385397911071777,-154.66555786132812,140.69151306152344,15.556522369384766,37.80899429321289,11.208060264587402,14.928287506103516,-2.8175902366638184,-0.6456435918807983,-10.294500350952148,-1.2670038938522339,-9.854497909545898,-2.201211452484131,-8.04736328125,-6.940215110778809,-7.324399948120117,-4.224743366241455,-8.442584037780762,-5.290983200073242,-9.300437927246094,-3.6877546310424805,42.72318649291992,23.85573387145996,12.216535568237305,9.559784889221191,9.763134956359863,8.479745864868164,8.251317024230957,7.4860334396362305,7.505506992340088,8.659154891967773,7.032278060913086,6.573705196380615,6.292020320892334,7.164453029632568,6.353602886199951,6.2813801765441895,6.398974418640137,5.9869585037231445,5.46149206161499,6.154694080352783
1195_full,1195,full_clip,123.046875,0.21032626926898956,0.13773055374622345,800.6158948860533,329.0142704456899,0.5519493818283081,0.36050212383270264,0.2034793198108673,0.17237858474254608,0.34506168961524963,0.4009397029876709,0.2824578285217285,0.30536091327667236,0.2600228488445282,0.4414927661418915,0.36711180210113525,0.40539729595184326,-188.99887084960938,178.8706512451172,-7.098790645599365,37.73628616333008,15.626518249511719,8.245474815368652,8.437490463256836,-5.701134204864502,-1.8871995210647583,-1.4446488618850708,-4.2612714767456055,-0.4638771116733551,0.457943856716156,-4.601648330688477,-1.9882863759994507,-6.760079860687256,-14.275603294372559,-9.45321273803711,-4.807675361633301,-2.155803918838501,82.58307647705078,19.396190643310547,35.0389289855957,20.93657875061035,17.707670211791992,12.28481674194336,9.269707679748535,10.840075492858887,8.044548034667969,7.7204413414001465,7.479604721069336,7.906250476837158,7.415264129638672,7.970213413238525,7.041527271270752,7.34907341003418,6.448944091796875,5.457235336303711,6.355100631713867,6.068342208862305
1196_full,1196,full_clip,95.703125,0.19656161963939667,0.05521168187260628,1288.4089227033728,544.4310417196509,0.5248047113418579,0.41444432735443115,0.45470380783081055,0.3988022804260254,0.4991472661495209,0.4287659227848053,0.3946074843406677,0.4042293131351471,0.34702154994010925,0.39286041259765625,0.41164520382881165,0.5385509729385376,-117.18098449707031,138.73345947265625,-3.7488341331481934,39.86966323852539,10.116209030151367,17.380891799926758,1.4737995862960815,9.33182144165039,1.054566740989685,12.013288497924805,0.3132205009460449,6.391063213348389,-3.822324514389038,2.0989179611206055,-0.832514226436615,1.0308020114898682,-5.741118907928467,0.9246392846107483,-2.7452800273895264,-1.3450214862823486,55.00428009033203,28.333593368530273,15.896651268005371,10.671956062316895,10.406946182250977,9.718988418579102,8.673820495605469,6.879086971282959,7.8751020431518555,6.444356441497803,6.35328483581543,5.520751953125,5.493293285369873,5.162747859954834,4.994030475616455,5.322573661804199,5.142123222351074,5.639351844787598,5.57120943069458,5.6404595375061035
1197_full,1197,full_clip,123.046875,0.14222757518291473,0.09190709888935089,767.1893504279142,350.85188393604864,0.5604107975959778,0.36362385749816895,0.21223460137844086,0.2493344247341156,0.6830048561096191,0.4031672179698944,0.20561586320400238,0.2571735978126526,0.19161231815814972,0.21100035309791565,0.16966424882411957,0.25025221705436707,-239.8688507080078,188.65298461914062,-2.720700740814209,31.91017723083496,16.063474655151367,4.9633636474609375,7.558914661407471,-2.0025274753570557,-4.567639350891113,-1.9355571269989014,-5.047787666320801,-4.769460678100586,-2.905285120010376,-7.633938312530518,-3.7107715606689453,-4.937734603881836,-8.870847702026367,-3.66215181350708,-0.5962308645248413,-2.624037742614746,71.28366088867188,33.694400787353516,32.169395446777344,16.09162712097168,12.039961814880371,12.976736068725586,9.519201278686523,7.1012797355651855,9.034590721130371,10.072443008422852,6.847899913787842,6.835291862487793,6.350558280944824,7.912718296051025,7.139675140380859,6.314338684082031,6.566588401794434,6.544014930725098,5.885185718536377,6.404821395874023
1544_full,1544,full_clip,129.19921875,0.04075850173830986,0.03967045247554779,1610.4642090097664,229.0061902566649,0.13822950422763824,0.5775101184844971,0.297514408826828,0.0695759579539299,0.029978079721331596,0.27383607625961304,0.7595043778419495,0.11301807314157486,0.019339293241500854,0.05288471654057503,0.10655996203422546,0.026158293709158897,-355.2518005371094,101.14326477050781,-42.09272766113281,4.631199836730957,-11.04946231842041,-7.3279619216918945,-6.6777424812316895,-12.481741905212402,-0.1076146587729454,-10.979018211364746,-3.5831332206726074,20.997468948364258,0.705211341381073,-6.496969223022461,3.88209867477417,-9.383109092712402,-23.024017333984375,2.680237054824829,13.757525444030762,28.63298225402832,22.703086853027344,9.101333618164062,7.677194118499756,5.922967433929443,6.10127592086792,4.4679765701293945,5.081891059875488,4.768479347229004,6.562546730041504,10.994882583618164,12.067988395690918,8.767212867736816,7.579885005950928,9.405816078186035,7.312264919281006,9.40483283996582,7.2640485763549805,7.823157787322998,8.197615623474121,9.079554557800293
1642_full,1642,full_clip,99.38401442307692,0.11918234825134277,0.05392570048570633,2882.41866164471,899.7087493716592,0.561471700668335,0.33503448963165283,0.35544776916503906,0.29476866126060486,0.4725874066352844,0.3573755919933319,0.314823180437088,0.530775249004364,0.3257794976234436,0.33922508358955383,0.2940009534358978,0.38435107469558716,-78.54666900634766,78.49696350097656,0.8852054476737976,5.960948944091797,-4.1836256980896,4.259738445281982,-3.941999912261963,2.5648181438446045,-9.021138191223145,1.9851667881011963,-5.563307285308838,1.2135347127914429,-3.674877166748047,-0.14138099551200867,-9.003291130065918,-3.2909440994262695,-7.770967483520508,-3.478050470352173,-4.830265045166016,-0.6317644119262695,57.598968505859375,30.559703826904297,23.45418357849121,16.182422637939453,16.006187438964844,12.42444133758545,10.292112350463867,8.806307792663574,10.133325576782227,8.134994506835938,7.78971529006958,6.490688800811768,6.840274810791016,7.26788330078125,6.986607551574707,6.3918328285217285,6.117865562438965,5.884856700897217,5.345493316650391,6.3505730628967285
1644_full,1644,full_clip,135.99917763157896,0.23402100801467896,0.04952221363782883,3157.582688469436,514.9067378085904,0.5640076994895935,0.4438125193119049,0.47780752182006836,0.39979833364486694,0.5303942561149597,0.44783416390419006,0.3837949335575104,0.35229048132896423,0.30629605054855347,0.3579941689968109,0.33908072113990784,0.4511811435222626,16.567821502685547,64.03945922851562,2.8822951316833496,18.072233200073242,-0.4511015713214874,10.876911163330078,-4.505806922912598,9.733524322509766,-2.9566197395324707,9.57705020904541,2.921880006790161,1.257097601890564,-5.176114559173584,1.0286654233932495,-3.790834903717041,-5.18481969833374,-5.7085466384887695,-2.6713674068450928,-6.050440788269043,-1.877363920211792,27.257429122924805,16.85755729675293,14.365514755249023,10.537203788757324,9.728042602539062,7.867803573608398,8.215866088867188,9.577683448791504,6.505876541137695,6.559017658233643,6.215908050537109,6.739656448364258,6.867572784423828,5.371805667877197,5.817311763763428,5.420213222503662,6.270991325378418,5.541751861572266,5.525859355926514,6.2555952072143555
1649_full,1649,full_clip,123.046875,0.29122108221054077,0.03589259833097458,2111.430875051662,318.86434227704143,0.6397750377655029,0.40854647755622864,0.32083559036254883,0.41573765873908997,0.3421891927719116,0.4212314784526825,0.3208489418029785,0.5222561955451965,0.38600003719329834,0.29044899344444275,0.31252309679985046,0.3322528004646301,18.85443115234375,107.06571960449219,-6.8250532150268555,13.084268569946289,2.1132044792175293,13.327009201049805,2.596707582473755,6.008167743682861,-2.449268341064453,7.484846115112305,-5.205134868621826,0.9189430475234985,-8.9268798828125,-0.8656100630760193,-4.444590091705322,-0.5399415493011475,-6.215851783752441,0.06472209095954895,-0.5837457776069641,1.5167549848556519,25.53813362121582,13.274748802185059,10.114718437194824,8.282974243164062,5.988687515258789,4.73284912109375,5.290761470794678,6.018556594848633,5.558018684387207,5.339839935302734,6.502622127532959,6.262737274169922,5.957581520080566,6.603098392486572,6.632800579071045,5.3714423179626465,5.182794570922852,5.711207866668701,5.692402362823486,7.118548393249512
1661_full,1661,full_clip,161.4990234375,0.2727377116680145,0.045640282332897186,2962.662913332427,589.7577165705258,0.40696248412132263,0.4805690050125122,0.6194740533828735,0.506790041923523,0.5578466057777405,0.45856139063835144,0.45362311601638794,0.398538738489151,0.44761285185813904,0.5728918313980103,0.45076262950897217,0.49540483951568604,44.373374938964844,69.06771087646484,-9.440342903137207,30.01540184020996,-6.562887191772461,10.285759925842285,-4.621157169342041,1.677271842956543,-6.218622207641602,1.1808675527572632,-0.8663352727890015,2.610474109649658,-6.460752964019775,-1.1862062215805054,-4.001263618469238,-2.844093084335327,-6.236472129821777,0.0904688611626625,-5.133181095123291,-1.8017503023147583,30.159788131713867,23.045578002929688,11.747251510620117,10.687803268432617,9.979753494262695,6.931023597717285,7.086947917938232,7.044061183929443,5.714802265167236,6.435214519500732,6.783303737640381,6.021681308746338,6.247501373291016,5.387537956237793,5.223401069641113,4.977633476257324,5.352602481842041,4.955489635467529,4.4519195556640625,4.45491886138916
1663_full,1663,full_clip,161.4990234375,0.11591354012489319,0.016144907101988792,1884.278066950263,301.3356589052391,0.5312703251838684,0.4019507169723511,0.4523211717605591,0.5896691679954529,0.7488659024238586,0.5984992980957031,0.44455623626708984,0.3951874077320099,0.30101972818374634,0.27393049001693726,0.3272739052772522,0.49128326773643494,-119.79340362548828,113.50061798095703,-42.12724685668945,74.37535858154297,-3.101898670196533,22.214162826538086,-3.4272215366363525,12.370217323303223,-2.5866549015045166,11.556268692016602,3.6523184776306152,5.020018577575684,-3.7753067016601562,-1.7282986640930176,-4.361221790313721,-4.633761882781982,-1.801198959350586,-3.495035171508789,-6.247848987579346,-1.6584757566452026,24.726511001586914,16.598922729492188,10.927950859069824,11.657527923583984,6.182957172393799,5.846171855926514,6.343538761138916,5.717235565185547,5.417565822601318,5.345719814300537,5.426443576812744,5.782458305358887,5.049226760864258,5.928808689117432,5.414700984954834,4.703609466552734,4.497740268707275,5.051345348358154,4.710338592529297,4.6961588859558105
1666_full,1666,full_clip,143.5546875,0.10734488070011139,0.02382725663483143,2163.2303116391417,551.216092263307,0.15071362257003784,0.24006415903568268,0.1984911561012268,0.11646395176649094,0.09245070815086365,0.1677817851305008,0.5619909167289734,0.7305001616477966,0.30945152044296265,0.1762668490409851,0.22540068626403809,0.26605504751205444,-128.82235717773438,93.50370788574219,-27.06793975830078,38.40755844116211,-5.797314643859863,8.855680465698242,-5.449429988861084,6.234450817108154,-9.58959674835205,7.117249488830566,-11.930438041687012,-7.962613582611084,-6.912841796875,1.0485749244689941,7.834419250488281,-1.1565462350845337,2.3823492527008057,2.059906005859375,4.89489221572876,6.780993461608887,46.550445556640625,30.069067001342773,28.44443130493164,12.405890464782715,11.98752212524414,15.13127326965332,8.810614585876465,9.398849487304688,9.220643997192383,7.289117813110352,9.39036750793457,8.377230644226074,6.5771002769470215,7.147209644317627,10.13829231262207,7.6677985191345215,9.411378860473633,9.051708221435547,7.19293212890625,8.775398254394531
1701_full,1701,full_clip,135.99917763157896,0.09190475195646286,0.05150685831904411,1534.379418196985,469.5344485023094,0.17539168894290924,0.2051856517791748,0.23696528375148773,0.19530560076236725,0.18905483186244965,0.27387240529060364,0.22842936217784882,0.2064516693353653,0.2971212565898895,0.4836792051792145,0.18826742470264435,0.19939443469047546,-205.59791564941406,128.66087341308594,-28.880834579467773,6.702366828918457,-16.397907257080078,0.8951705098152161,-26.391841888427734,-14.940888404846191,-11.571120262145996,-3.5520782470703125,-12.30312728881836,-18.940488815307617,-9.948942184448242,-10.432292938232422,-6.1726975440979,-3.913036823272705,7.249619483947754,5.522116661071777,-1.2374587059020996,7.069818019866943,62.834285736083984,23.959945678710938,18.05358123779297,13.339425086975098,9.063228607177734,8.820377349853516,7.1765666007995605,9.300901412963867,8.069771766662598,8.725249290466309,9.721656799316406,8.936710357666016,8.828255653381348,8.351166725158691,9.488479614257812,8.662925720214844,9.171385765075684,9.099353790283203,8.374390602111816,11.455799102783203
1702_full,1702,full_clip,129.19921875,0.1490500271320343,0.030494650825858116,1028.9497843185347,358.00262383154626,0.29420679807662964,0.33072909712791443,0.3644833266735077,0.4065214693546295,0.6347011923789978,0.29712408781051636,0.2816218137741089,0.4086771607398987,0.2733639180660248,0.4210233986377716,0.31457066535949707,0.41483819484710693,-157.5171356201172,189.17202758789062,-21.19290542602539,15.025444984436035,0.10063578188419342,-4.991367816925049,-6.433854103088379,-7.379985332489014,-16.917417526245117,-8.028644561767578,-14.345287322998047,-5.75286865234375,-9.638742446899414,-4.924668788909912,-5.380960941314697,-5.3658928871154785,-8.79931640625,-4.674642086029053,-5.666922092437744,-6.428131580352783,34.50834655761719,33.36097717285156,26.308866500854492,19.112529754638672,13.389822006225586,9.329602241516113,10.676830291748047,7.117151260375977,8.818364143371582,12.854696273803711,6.464353084564209,8.598719596862793,6.238852024078369,7.04971170425415,6.871873378753662,7.530007362365723,6.966281414031982,6.1435227394104,7.534709930419922,9.570898056030273
1703_full,1703,full_clip,143.5546875,0.05736876651644707,0.03104187175631523,1152.5566911474627,347.7347594238485,0.265897274017334,0.25968846678733826,0.35080236196517944,0.3489724099636078,0.22379367053508759,0.4856269061565399,0.2682851254940033,0.17664937674999237,0.3160557448863983,0.5307984352111816,0.20627769827842712,0.18278606235980988,-276.8281555175781,159.9713897705078,-19.337791442871094,-15.32803726196289,-5.524904251098633,1.2236055135726929,4.205371379852295,6.986431121826172,1.225620150566101,-4.9422078132629395,-20.229455947875977,-13.066898345947266,-12.40682315826416,-11.532599449157715,-9.491166114807129,-5.229482173919678,-3.1004884243011475,3.4707999229431152,-1.3499367237091064,-0.6603332757949829,69.08924102783203,27.018657684326172,14.71700382232666,15.531962394714355,16.04108238220215,11.470013618469238,17.685705184936523,13.324261665344238,10.412335395812988,7.872761249542236,10.159194946289062,12.626802444458008,8.23676586151123,6.919740676879883,7.801759719848633,9.854686737060547,8.970011711120605,7.357074737548828,12.631218910217285,12.30567455291748
1704_full,1704,full_clip,71.77734375,0.1077389195561409,0.04691767320036888,1947.295244787626,498.2521706163718,0.19645562767982483,0.1773030012845993,0.4233631193637848,0.2588054835796356,0.10740724205970764,0.12003624439239502,0.19753918051719666,0.5697097182273865,0.3386448919773102,0.12988029420375824,0.24246567487716675,0.13306421041488647,-184.9904022216797,94.68106842041016,-20.443252563476562,42.02363586425781,-2.730020046234131,12.13929557800293,-10.810667991638184,-14.466584205627441,-13.662579536437988,-12.281704902648926,-7.676069736480713,-10.015238761901855,-10.849778175354004,-7.397996425628662,-9.085768699645996,-11.899290084838867,-13.08508586883545,0.3714876174926758,-0.27373549342155457,-0.72398442029953,58.84777069091797,22.265155792236328,14.984732627868652,18.082094192504883,9.327396392822266,12.77018928527832,11.1265869140625,8.246237754821777,9.814748764038086,10.511330604553223,11.82944107055664,9.689338684082031,12.771642684936523,11.361072540283203,11.661632537841797,10.867171287536621,9.795785903930664,10.98976993560791,11.275408744812012,15.931234359741211
1893_full,1893,full_clip,107.666015625,0.07385733723640442,0.024767206981778145,1172.1044001159648,557.1709636494116,0.31100335717201233,0.3450019061565399,0.48339036107063293,0.3054964542388916,0.3174525797367096,0.2118609994649887,0.3520631194114685,0.5062318444252014,0.2999938726425171,0.32333627343177795,0.1672499030828476,0.2647848427295685,-250.82662963867188,158.44190979003906,-6.545866012573242,31.033288955688477,8.910198211669922,13.209684371948242,0.7171205878257751,-3.425863027572632,2.184147834777832,0.42523452639579773,0.4544869661331177,-0.9330498576164246,-2.7565155029296875,-4.295166015625,-4.769670009613037,3.4587438106536865,-1.0705209970474243,0.2514154314994812,-3.5407841205596924,-1.582714557647705,64.35254669189453,38.87731170654297,26.703998565673828,17.634021759033203,12.510296821594238,9.99309253692627,10.494102478027344,8.576064109802246,8.541595458984375,8.635765075683594,8.607648849487305,7.5787787437438965,7.182281017303467,8.313024520874023,7.050333499908447,8.112601280212402,8.589760780334473,7.742878437042236,8.970925331115723,8.301048278808594
1924_full,1924,full_clip,95.703125,0.3160986602306366,0.04065831005573273,2638.3041126691105,468.1978457920056,0.27434539794921875,0.31423312425613403,0.5960707664489746,0.4152648150920868,0.30339884757995605,0.40943872928619385,0.1777297556400299,0.28567811846733093,0.3026304244995117,0.4356529116630554,0.6367309093475342,0.2727414071559906,-4.48469877243042,65.40387725830078,7.299358367919922,45.275936126708984,11.694290161132812,5.219974040985107,15.041502952575684,15.004497528076172,-1.61717689037323,2.4688849449157715,-4.390714645385742,-0.8922346830368042,-7.238293170928955,2.0437159538269043,-7.007222652435303,-5.846516132354736,-10.684707641601562,-5.162640571594238,-7.186707019805908,-9.698893547058105,36.89186477661133,13.318231582641602,9.54931354522705,13.852767944335938,8.977185249328613,7.752818584442139,6.927687644958496,8.572928428649902,8.063382148742676,7.112213134765625,6.282207489013672,6.940225124359131,7.51717472076416,7.173958778381348,6.547786235809326,6.493081569671631,6.819816589355469,7.904254913330078,7.2083210945129395,7.198955059051514
1925_full,1925,full_clip,92.28515625,0.25927603244781494,0.04951000586152077,1601.7450795279963,575.712139471744,0.2889222800731659,0.322227418422699,0.3976767063140869,0.2938583195209503,0.4034743309020996,0.4321727156639099,0.5038287043571472,0.2978602945804596,0.3839380741119385,0.5864077806472778,0.37439435720443726,0.30409669876098633,-87.06716918945312,113.9135513305664,13.849691390991211,37.28258514404297,13.764227867126465,3.2608819007873535,3.3732991218566895,4.934988975524902,-5.490081787109375,4.755105495452881,-3.799694299697876,-0.8677658438682556,-4.053462505340576,-2.33732008934021,-2.691110134124756,-1.5568615198135376,-9.75351333618164,-2.7526116371154785,-5.04210901260376,0.5185235142707825,46.228004455566406,23.937931060791016,13.613359451293945,12.439011573791504,10.406227111816406,10.68175983428955,9.586357116699219,7.917928218841553,8.327804565429688,7.528218746185303,6.888740539550781,7.69354772567749,5.882322788238525,6.127442359924316,5.800311088562012,6.182182312011719,6.350446701049805,6.558191776275635,6.803771495819092,6.6033244132995605
2097_full,2097,full_clip,117.45383522727273,0.17225898802280426,0.06736014038324356,1031.966667816947,302.050337521758,0.31241708993911743,0.40966588258743286,0.5453530550003052,0.4285033941268921,0.19518333673477173,0.22619366645812988,0.21160520613193512,0.24751336872577667,0.23449817299842834,0.2610546052455902,0.24168793857097626,0.24129168689250946,-155.8342742919922,185.36788940429688,-26.327777862548828,8.646450996398926,17.617311477661133,-10.298164367675781,-9.494719505310059,-4.028355598449707,-10.900422096252441,-7.278205394744873,-7.4634270668029785,-5.907722473144531,-5.7206621170043945,-8.4430513381958,-12.759525299072266,-13.444836616516113,-12.633371353149414,-8.214200019836426,-6.057499408721924,-4.1895270347595215,56.64677429199219,31.27277183532715,24.513776779174805,15.881047248840332,12.77619743347168,12.683022499084473,8.452337265014648,7.01031494140625,6.619507312774658,8.786697387695312,6.184179782867432,6.356424808502197,5.67986536026001,5.8992600440979,5.26637077331543,6.780680179595947,8.470780372619629,10.212051391601562,7.7133893966674805,8.651479721069336
2099_full,2099,full_clip,161.4990234375,0.22439958155155182,0.05993078276515007,2196.407039383831,654.8980876510676,0.48913341760635376,0.5147201418876648,0.25015419721603394,0.21703018248081207,0.18517063558101654,0.32879504561424255,0.2699667513370514,0.3450757563114166,0.6929396986961365,0.4473581910133362,0.23067502677440643,0.24933934211730957,-53.8036994934082,88.99179077148438,-19.54766845703125,28.290578842163086,24.799755096435547,12.618762016296387,-3.525223731994629,-1.2491081953048706,-9.652250289916992,-7.253172397613525,-12.099120140075684,-14.11009693145752,-11.460257530212402,-12.546770095825195,-7.133540153503418,-11.483528137207031,-14.340291976928711,-6.73668909072876,-6.4169087409973145,-4.464028358459473,50.0396614074707,25.065515518188477,16.574047088623047,11.663622856140137,13.025158882141113,7.183842658996582,7.302828788757324,7.0838212966918945,8.29410171508789,5.874954700469971,7.734407901763916,5.984684944152832,7.773804664611816,6.438504695892334,8.042790412902832,5.930050849914551,8.232370376586914,6.640235900878906,7.127512454986572,6.928623199462891
3263_full,3263,full_clip,107.666015625,0.13088050484657288,0.07495474815368652,666.6194575385109,467.112945859507,0.004685397259891033,0.05555114522576332,0.2712933123111725,0.4912456274032593,0.6637268662452698,0.5417699813842773,0.28992152214050293,0.11125681549310684,0.05265633016824722,0.010577641427516937,0.004608455579727888,0.0053909108974039555,-359.7159118652344,135.71800231933594,41.81340026855469,38.6519889831543,28.263174057006836,4.011874675750732,3.571230411529541,-3.527466297149658,5.951034069061279,2.2767250537872314,-5.210947513580322,0.052366744726896286,-8.368770599365234,-15.708592414855957,-20.111644744873047,-17.875436782836914,-13.137954711914062,-10.073700904846191,-5.498862266540527,-1.551506757736206,67.4766616821289,25.004817962646484,16.816904067993164,9.509215354919434,10.14160442352295,13.715031623840332,11.351902961730957,14.1212797164917,8.945813179016113,8.755066871643066,8.879243850708008,6.063850402832031,10.00869369506836,8.758675575256348,7.231801986694336,7.082119941711426,9.70901870727539,9.590046882629395,12.09793758392334,9.239092826843262
3264_full,3264,full_clip,57.421875,0.10220324993133545,0.04259800538420677,603.8046785149253,301.77675138990173,0.15209552645683289,0.11026749014854431,0.3710568845272064,0.5425341129302979,0.3922627568244934,0.47003689408302307,0.498159259557724,0.2845252752304077,0.07476891577243805,0.09761562943458557,0.20391429960727692,0.21248619258403778,-353.9677429199219,150.10150146484375,33.64455795288086,34.193824768066406,27.645902633666992,6.047398567199707,7.2939534187316895,-0.12947185337543488,8.485024452209473,5.257848739624023,-3.75052809715271,2.6666438579559326,-3.7435555458068848,-15.270304679870605,-18.55019760131836,-20.56454849243164,-17.60894775390625,-9.83185863494873,-3.7724056243896484,2.399362564086914,48.87327575683594,21.02347183227539,13.779078483581543,11.58493423461914,12.048489570617676,11.463481903076172,18.207599639892578,11.98196029663086,8.392510414123535,7.06003999710083,8.687098503112793,9.078948974609375,7.26123571395874,6.246249675750732,5.938262939453125,6.214776039123535,5.231922626495361,7.3225626945495605,9.936120986938477,11.85551929473877
3265_full,3265,full_clip,107.666015625,0.12259571999311447,0.05317549780011177,869.031537316565,508.1912943117795,0.011511524207890034,0.025164945051074028,0.05585679039359093,0.526054322719574,0.9111200571060181,0.515068531036377,0.09721405804157257,0.03506657853722572,0.2028154581785202,0.331913560628891,0.10866911709308624,0.01568899303674698,-328.7758483886719,130.98175048828125,40.22313690185547,40.942596435546875,21.154071807861328,1.7194429636001587,8.959925651550293,-18.048925399780273,5.264003753662109,-3.766784429550171,-19.18405532836914,-5.72943115234375,-10.203277587890625,-8.468053817749023,-21.96183967590332,-20.813501358032227,-7.1665940284729,-3.7048654556274414,-0.6435397863388062,-1.5011615753173828,68.54434204101562,24.519302368164062,22.778160095214844,13.436287879943848,9.292108535766602,13.422968864440918,14.548749923706055,18.500789642333984,13.55403995513916,7.768779754638672,8.302373886108398,7.45564079284668,11.566449165344238,11.17756175994873,6.79295539855957,7.666476726531982,9.821640014648438,9.799519538879395,10.885527610778809,7.3336591720581055
3266_full,3266,full_clip,71.77734375,0.038607507944107056,0.011619015596807003,1730.4599190788188,883.1810672991386,0.13282835483551025,0.23499037325382233,0.29552343487739563,0.15151238441467285,0.15265722572803497,0.329795777797699,0.6082562804222107,0.2793411910533905,0.09522601217031479,0.26282820105552673,0.22627805173397064,0.18795843422412872,-331.3570861816406,106.61084747314453,14.448657035827637,28.15247344970703,7.162967205047607,-0.06597130745649338,8.316190719604492,-22.142160415649414,3.669748544692993,5.059236526489258,-12.452756881713867,9.597196578979492,-0.29799798130989075,2.871859312057495,-10.37667179107666,-15.327705383300781,-4.753542900085449,-4.667802810668945,-6.417663097381592,-5.430327415466309,67.79701232910156,37.00463104248047,18.385026931762695,17.070356369018555,13.785344123840332,15.645648002624512,16.794551849365234,16.854541778564453,14.417688369750977,11.546217918395996,13.611781120300293,9.243765830993652,12.46471881866455,11.611234664916992,10.604175567626953,13.177520751953125,11.627361297607422,14.414923667907715,11.36209487915039,14.612160682678223
3270_full,3270,full_clip,129.19921875,0.08422061800956726,0.028489921241998672,1067.4129266600319,468.1703537180186,0.6700155138969421,0.2868373990058899,0.05893182009458542,0.1290024071931839,0.1842525154352188,0.44627413153648376,0.23587265610694885,0.1241537556052208,0.1644229292869568,0.057118527591228485,0.08465419709682465,0.1963663250207901,-272.631103515625,156.24514770507812,-9.525904655456543,5.274467945098877,-1.1202164888381958,8.085783004760742,3.4892287254333496,-15.069005012512207,-10.729147911071777,-17.206928253173828,-23.25408935546875,-5.440159797668457,-12.532032012939453,-13.971200942993164,-10.303260803222656,4.1324639320373535,5.39415168762207,-0.17591609060764313,-1.9350879192352295,8.996179580688477,56.11296081542969,30.80355453491211,16.36513328552246,15.335484504699707,11.641724586486816,10.793265342712402,8.435311317443848,9.805964469909668,8.470560073852539,8.256133079528809,7.92512321472168,9.886003494262695,8.347512245178223,10.158601760864258,8.288464546203613,7.96017599105835,9.119693756103516,10.963102340698242,9.229461669921875,8.672269821166992
3271_full,3271,full_clip,123.046875,0.04823469743132591,0.021555529907345772,954.7349421648398,655.9779818745474,0.42880937457084656,0.18558572232723236,0.07885760813951492,0.11298324912786484,0.3198499381542206,0.11419972032308578,0.0379471518099308,0.06474148482084274,0.21127533912658691,0.7101325392723083,0.33519232273101807,0.1641499549150467,-367.563232421875,141.8037872314453,32.78519821166992,38.50123977661133,16.160982131958008,1.9961631298065186,-1.3189210891723633,-13.646039962768555,-8.901775360107422,-15.470185279846191,-19.115150451660156,-10.5611572265625,-8.435283660888672,-1.1177723407745361,-10.286211013793945,-3.6580941677093506,-6.058553218841553,-6.656982421875,-10.603440284729004,-4.87852144241333,57.9255256652832,27.4114990234375,21.267080307006836,16.728107452392578,11.27315616607666,11.755258560180664,12.46208381652832,10.909056663513184,9.172257423400879,8.569250106811523,8.625043869018555,8.677106857299805,10.255938529968262,8.068035125732422,7.782684326171875,11.0352783203125,11.580658912658691,8.47918701171875,7.5821380615234375,10.20278263092041
3272_full,3272,full_clip,151.99908088235293,0.09674076735973358,0.0651620626449585,1277.9549315945465,287.46528851828134,0.14922429621219635,0.09631913900375366,0.10850450396537781,0.04963020980358124,0.07024643570184708,0.18680129945278168,0.7621902227401733,0.2557956576347351,0.06848777830600739,0.20627444982528687,0.14868831634521484,0.304311066865921,-251.9828338623047,129.6367950439453,-0.7362989783287048,14.603837966918945,-2.6462063789367676,-14.369406700134277,-12.131515502929688,-12.335675239562988,-10.42747974395752,-13.027957916259766,-10.390646934509277,-1.8845518827438354,-8.315860748291016,5.001164436340332,-5.328349590301514,-0.15403689444065094,1.796988606452942,5.473084926605225,7.384293556213379,13.16853141784668,90.20907592773438,18.979780197143555,21.35372543334961,14.183364868164062,13.729484558105469,12.707853317260742,9.94192123413086,9.185595512390137,9.541464805603027,9.49944019317627,9.269909858703613,7.49013614654541,9.329272270202637,9.276832580566406,8.917004585266113,8.317341804504395,8.212325096130371,8.585040092468262,11.18338680267334,10.595907211303711
3273_full,3273,full_clip,112.34714673913044,0.06526073813438416,0.028373248875141144,1025.8804248364822,285.9608724717644,0.3003704845905304,0.33428552746772766,0.5857211351394653,0.2934074103832245,0.2076444774866104,0.20246537029743195,0.19814664125442505,0.3376297652721405,0.23069681227207184,0.30485689640045166,0.14023110270500183,0.1384972184896469,-272.470458984375,148.6705322265625,-9.373034477233887,38.42292022705078,17.817211151123047,5.86115837097168,-6.57745885848999,4.52097225189209,4.981608867645264,-1.38783860206604,-5.093146324157715,2.0784852504730225,-7.75314474105835,-5.1583099365234375,-8.38861083984375,-13.095617294311523,-11.763761520385742,-8.467942237854004,-4.98028039932251,0.2086419016122818,38.3968620300293,21.962080001831055,16.03032112121582,11.257609367370605,7.479894638061523,10.411369323730469,8.626529693603516,8.48141860961914,7.323867321014404,7.637536525726318,6.052615165710449,9.89758014678955,6.745894908905029,7.80536413192749,6.982446670532227,6.942562103271484,7.8547773361206055,8.761347770690918,8.609878540039062,8.234261512756348
3274_full,3274,full_clip,129.19921875,0.09444405883550644,0.0395563505589962,967.649650887571,207.69516322118076,0.23487161099910736,0.30803874135017395,0.6193902492523193,0.2959004342556,0.2676694989204407,0.08344079554080963,0.07777305692434311,0.06477480381727219,0.16041529178619385,0.4659390449523926,0.23368990421295166,0.12182927876710892,-232.03558349609375,177.17404174804688,-21.766572952270508,21.761072158813477,20.571935653686523,-18.15090560913086,-9.60342788696289,-2.433424949645996,-2.7452805042266846,-1.5379352569580078,0.2504325807094574,1.4268379211425781,-0.09702267497777939,-2.1745223999023438,-5.596551418304443,-3.912104368209839,-5.693139553070068,-2.9694981575012207,-8.518230438232422,-8.76479721069336,32.00349044799805,17.003307342529297,20.13534164428711,9.544057846069336,9.126971244812012,9.850296020507812,9.066609382629395,6.596044540405273,7.734985828399658,5.9700798988342285,7.299834251403809,8.131193161010742,7.214926719665527,7.908194541931152,8.34412956237793,8.685239791870117,7.120819568634033,6.493873596191406,6.127899646759033,5.717403888702393
3532_full,3532,full_clip,151.99908088235293,0.06183701381087303,0.025590620934963226,1875.7733719679607,880.714296173066,0.32338446378707886,0.25001266598701477,0.3174307346343994,0.2932654619216919,0.19155468046665192,0.2638574540615082,0.20790034532546997,0.2823348939418793,0.3052690923213959,0.19702661037445068,0.28487470746040344,0.323363333940506,-244.73448181152344,105.07494354248047,-2.8390274047851562,33.55519104003906,-0.3433789610862732,5.773813247680664,-4.729256629943848,-1.4231613874435425,-11.00240707397461,-1.261017084121704,-13.181818962097168,-3.7995574474334717,-17.026090621948242,-13.19821834564209,-8.124540328979492,-5.419935703277588,-3.3693695068359375,2.087646961212158,-7.2430901527404785,0.7010160088539124,94.74605560302734,45.71442413330078,23.88336753845215,15.270511627197266,14.371481895446777,13.11909008026123,15.118228912353516,12.796244621276855,10.417715072631836,14.41336727142334,10.869279861450195,10.991584777832031,8.637580871582031,10.375980377197266,10.521060943603516,8.776304244995117,9.220004081726074,12.248376846313477,14.341108322143555,14.361927032470703
3533_full,3533,full_clip,123.046875,0.07546065747737885,0.03815904259681702,2228.1533492068374,672.1797681950106,0.5113967061042786,0.2862803637981415,0.2363419532775879,0.24426300823688507,0.4044402241706848,0.34582263231277466,0.3310661315917969,0.34404945373535156,0.28706735372543335,0.3665238916873932,0.28059062361717224,0.4240734875202179,-169.77618408203125,90.25765228271484,-7.476873874664307,35.44920349121094,-3.540769100189209,15.156904220581055,-11.929950714111328,10.529791831970215,-7.740062713623047,-8.352468490600586,-10.39199161529541,-6.533592700958252,-11.139020919799805,-5.036907196044922,-2.0983011722564697,-0.7655470967292786,-1.9904322624206543,2.5136284828186035,-9.499069213867188,5.654313087463379,73.40641021728516,27.02035903930664,24.166494369506836,12.097646713256836,10.112337112426758,9.140363693237305,8.816511154174805,11.303829193115234,9.18818473815918,10.586193084716797,9.670467376708984,7.812052249908447,8.937373161315918,7.260560035705566,8.680127143859863,7.987539768218994,7.774102210998535,8.44138240814209,7.9387736320495605,9.7763090133667
3534_full,3534,full_clip,73.828125,0.09819140285253525,0.0451446957886219,948.2874031891195,928.9720729828625,0.3026215136051178,0.3374181091785431,0.21552279591560364,0.23961177468299866,0.1894659548997879,0.38405007123947144,0.20223087072372437,0.20226119458675385,0.2648169696331024,0.21863844990730286,0.3736869990825653,0.26525524258613586,-308.0494384765625,160.85092163085938,25.407272338867188,22.124494552612305,11.682953834533691,3.181603193283081,-8.757319450378418,-12.629539489746094,-16.563722610473633,-18.269371032714844,-18.959165573120117,-11.096261024475098,-13.817337989807129,-10.78282642364502,-18.167049407958984,-6.312328815460205,-4.747437000274658,-1.0625427961349487,-13.52057933807373,-7.676125526428223,78.87872314453125,48.58454895019531,30.372295379638672,18.229948043823242,15.551276206970215,12.141556739807129,11.385337829589844,11.711343765258789,11.972626686096191,11.763745307922363,9.797308921813965,9.233744621276855,9.50271224975586,8.424177169799805,8.060001373291016,8.311467170715332,9.464620590209961,7.72182559967041,10.058720588684082,8.521761894226074
3535_full,3535,full_clip,99.38401442307692,0.07057440280914307,0.04514089971780777,1395.9607593361743,495.21023499604553,0.19249483942985535,0.21437208354473114,0.42333048582077026,0.18934696912765503,0.09667422622442245,0.18086184561252594,0.3502955734729767,0.5846247673034668,0.27053678035736084,0.20664843916893005,0.2864660918712616,0.26553329825401306,-247.66024780273438,126.33869934082031,-9.966424942016602,25.735912322998047,3.3109359741210938,4.123091220855713,-7.538684844970703,3.0143423080444336,-9.971439361572266,-10.790192604064941,-13.780860900878906,-8.2650785446167,-20.75803565979004,-15.798439025878906,-10.838605880737305,-9.597343444824219,-4.333793640136719,-3.061521053314209,-12.531493186950684,-0.9736464023590088,91.95623779296875,28.606849670410156,28.081924438476562,14.506085395812988,14.679339408874512,10.180164337158203,14.850250244140625,9.489638328552246,9.468503952026367,11.08511734008789,8.205891609191895,9.194211959838867,7.343703746795654,8.102828979492188,7.4712114334106445,6.106726169586182,6.5505805015563965,7.49467134475708,8.47205924987793,8.267045974731445
3537_full,3537,full_clip,123.046875,0.05872229114174843,0.043332938104867935,1608.4406400800347,749.3850856509936,0.17563588917255402,0.2584007680416107,0.16141681373119354,0.11769053339958191,0.19315741956233978,0.1588052362203598,0.1953667253255844,0.13448621332645416,0.33604592084884644,0.5310561060905457,0.24330244958400726,0.20791997015476227,-293.92303466796875,97.53520965576172,1.9366111755371094,18.249000549316406,0.3865986764431,2.2070491313934326,-9.340901374816895,-5.625024318695068,-12.254298210144043,-6.559108257293701,-11.866854667663574,-6.838194847106934,-20.577726364135742,-12.575483322143555,-8.201225280761719,-0.6832973957061768,-1.0065356492996216,-1.3202660083770752,-10.922974586486816,-2.7942960262298584,152.24972534179688,25.34244155883789,26.936199188232422,15.77277946472168,18.23023796081543,13.383437156677246,11.403338432312012,11.336677551269531,9.420613288879395,9.504364967346191,9.953822135925293,9.0553560256958,11.740055084228516,10.220532417297363,9.19742202758789,11.4193696975708,10.291280746459961,11.30777359008789,10.610801696777344,12.87883186340332
3538_full,3538,full_clip,107.666015625,0.04465552046895027,0.0250086672604084,1678.3972129761303,1001.0426547582882,0.16014201939105988,0.19662503898143768,0.40849587321281433,0.1898355931043625,0.1813962608575821,0.16786301136016846,0.1806490272283554,0.2727281451225281,0.2103935331106186,0.4024297893047333,0.1978873312473297,0.22733579576015472,-307.25,105.36011505126953,-6.794741630554199,24.510499954223633,-0.9659963846206665,0.01718619465827942,-11.640488624572754,-1.578634262084961,-13.180033683776855,-12.735824584960938,-17.96982192993164,-10.352916717529297,-21.8837947845459,-14.500945091247559,-12.017888069152832,-8.523198127746582,-2.1087467670440674,-0.5904169082641602,-8.594868659973145,0.42866215109825134,131.12362670898438,41.11944580078125,37.5330696105957,15.883979797363281,14.242709159851074,11.13502025604248,13.67127799987793,12.526171684265137,9.3660888671875,11.636270523071289,10.36432933807373,8.734771728515625,8.512489318847656,10.150044441223145,8.651265144348145,8.637249946594238,10.927906036376953,9.455679893493652,11.333126068115234,11.948263168334961
3598_full,3598,full_clip,107.666015625,0.08702031522989273,0.05101486295461655,1733.3470477109395,915.6189264717524,0.3664326071739197,0.18123744428157806,0.15775680541992188,0.15075623989105225,0.30844080448150635,0.2883998155593872,0.2710612118244171,0.35031813383102417,0.32583874464035034,0.42984849214553833,0.30528920888900757,0.32120978832244873,-233.08995056152344,93.43650817871094,16.899003982543945,33.299076080322266,3.2858426570892334,16.31266975402832,1.390462875366211,-4.545304298400879,-1.829035758972168,-6.6445698738098145,-8.122804641723633,-5.526626110076904,-6.287936210632324,-10.315324783325195,-4.893193244934082,-8.76003360748291,-15.703390121459961,-8.855313301086426,-12.115234375,-8.455310821533203,80.84503936767578,41.68600845336914,20.95698356628418,16.429611206054688,13.61916446685791,9.755484580993652,12.296612739562988,11.003434181213379,9.717562675476074,9.506155014038086,11.23479175567627,9.269726753234863,9.843693733215332,9.634305953979492,9.785715103149414,8.12198257446289,8.687887191772461,8.74813461303711,7.266692638397217,8.51484489440918
3707_full,3707,full_clip,151.99908088235293,0.08666959404945374,0.02590106800198555,1831.3522364536232,400.6490571151854,0.154271200299263,0.13220542669296265,0.3359668254852295,0.17583362758159637,0.22630852460861206,0.41804465651512146,0.3785102665424347,0.7356569170951843,0.3841649293899536,0.317351371049881,0.24998274445533752,0.1893419772386551,-153.29449462890625,107.01781463623047,-13.326159477233887,40.306556701660156,-5.580664157867432,10.431009292602539,-2.426306962966919,7.995375633239746,-5.189849853515625,3.985603094100952,-3.5606489181518555,3.7476541996002197,-10.366822242736816,-1.9659966230392456,0.5447927713394165,9.221953392028809,-3.5753886699676514,4.707068920135498,-8.4779634475708,2.593552827835083,37.00448989868164,17.14532470703125,12.51653003692627,13.783072471618652,6.805760383605957,10.261734008789062,6.672287464141846,7.618041515350342,7.970724582672119,11.620281219482422,9.8900785446167,8.027332305908203,6.700590133666992,7.122647762298584,7.934362411499023,7.182877540588379,8.12907600402832,6.329084396362305,6.987679958343506,8.729320526123047
3708_full,3708,full_clip,143.5546875,0.10585290193557739,0.039251502603292465,1735.5257835985979,643.6080832479427,0.1443927139043808,0.215087890625,0.4966289699077606,0.2551428973674774,0.30007505416870117,0.38970744609832764,0.5302793979644775,0.7426967620849609,0.38238921761512756,0.2882373034954071,0.17937979102134705,0.20570628345012665,-154.4966278076172,110.61168670654297,2.861985445022583,32.10977554321289,3.440728187561035,15.69002914428711,1.7875032424926758,4.0696587562561035,-4.728275299072266,-1.2227555513381958,1.0712791681289673,-0.811966598033905,-3.6988799571990967,1.2336828708648682,1.5486184358596802,5.334590435028076,-10.492242813110352,0.3947490453720093,-3.5599701404571533,-1.2518340349197388,60.36402893066406,23.591468811035156,11.89850902557373,10.121392250061035,9.431046485900879,8.214999198913574,8.369901657104492,6.9921875,7.035117149353027,8.418357849121094,7.837312698364258,6.409910202026367,6.497509002685547,7.45307731628418,5.1241655349731445,5.96909236907959,6.047401428222656,6.165040969848633,5.835526466369629,6.786536693572998
3832_full,3832,full_clip,123.046875,0.06643664091825485,0.05326586961746216,1370.9974857456516,765.0014772503522,0.2725505232810974,0.46059828996658325,0.27885082364082336,0.17378173768520355,0.23151126503944397,0.30834725499153137,0.20483462512493134,0.18473735451698303,0.32802754640579224,0.19903025031089783,0.19628620147705078,0.1921362280845642,-307.6540222167969,102.17123413085938,16.473134994506836,18.906219482421875,-1.6045337915420532,8.158523559570312,-7.023789882659912,-2.86788010597229,-9.962121963500977,-10.158848762512207,-5.38563346862793,-10.03803825378418,-16.678287506103516,-10.683931350708008,-12.519679069519043,-12.750048637390137,-14.82781982421875,-5.179022789001465,-13.336817741394043,-6.8678154945373535,98.375732421875,32.346927642822266,25.726543426513672,21.588558197021484,20.520944595336914,11.986985206604004,16.92792320251465,8.774571418762207,13.071516990661621,8.980124473571777,8.367347717285156,8.104778289794922,9.412625312805176,9.089102745056152,8.522171974182129,10.365028381347656,14.147089004516602,10.496444702148438,11.630523681640625,11.907194137573242
3880_full,3880,full_clip,143.5546875,0.08302588760852814,0.0479530394077301,1907.8040036568057,397.2388137376382,0.2171892523765564,0.10679469257593155,0.24921679496765137,0.27582600712776184,0.14280089735984802,0.14076989889144897,0.1504335105419159,0.2634952664375305,0.17291854321956635,0.2586175501346588,0.24386616051197052,0.22671565413475037,-257.0079345703125,100.84053802490234,-31.267112731933594,54.81727981567383,-5.429345607757568,-17.405176162719727,-9.345596313476562,-5.3513689041137695,-5.625317573547363,-7.403748512268066,-5.707585334777832,6.025800704956055,-0.7857067584991455,1.1485240459442139,-0.336772620677948,1.6376153230667114,-1.0393916368484497,1.2228187322616577,-8.781368255615234,-6.689188480377197,84.83336639404297,21.917112350463867,17.522424697875977,14.1754150390625,14.434749603271484,10.130695343017578,9.88967514038086,9.530943870544434,9.565326690673828,12.098902702331543,13.82387638092041,18.33979606628418,13.971993446350098,13.509272575378418,13.729496002197266,13.800115585327148,14.846038818359375,13.112714767456055,14.131577491760254,15.622255325317383
3904_full,3904,full_clip,161.4990234375,0.24677714705467224,0.07014106959104538,1007.2696689268281,379.28933068064094,0.32843348383903503,0.25588446855545044,0.3782474100589752,0.30680590867996216,0.44121116399765015,0.37513864040374756,0.29186585545539856,0.3522656559944153,0.2644729018211365,0.30098995566368103,0.1833677887916565,0.23042799532413483,-135.77102661132812,149.3174591064453,12.883700370788574,26.731544494628906,7.382431983947754,14.311385154724121,-4.153257369995117,2.023268222808838,-3.997426748275757,-3.437998056411743,-14.770076751708984,-1.9279510974884033,-6.573230743408203,-3.0240936279296875,-7.479165077209473,-8.626955032348633,-11.308149337768555,-12.834080696105957,-12.880127906799316,-2.109529733657837,40.50526809692383,23.234067916870117,16.11065101623535,11.998649597167969,11.291708946228027,7.825178146362305,7.594771385192871,9.003316879272461,8.833089828491211,9.531546592712402,9.746522903442383,10.137434959411621,7.556919097900391,7.874016761779785,7.5077924728393555,5.812704086303711,7.849821090698242,7.282646656036377,8.078396797180176,7.726050853729248
3905_full,3905,full_clip,83.35433467741936,0.152886763215065,0.050361551344394684,1038.5710258627985,398.72317451861494,0.2100871503353119,0.397142231464386,0.5938408970832825,0.38599270582199097,0.46703457832336426,0.21353501081466675,0.26791003346443176,0.2189193069934845,0.20320813357830048,0.32452312111854553,0.1987432986497879,0.2542114853858948,-170.11749267578125,154.03282165527344,10.594003677368164,32.318504333496094,5.9538960456848145,4.838099956512451,-7.115868091583252,-2.7123606204986572,-5.241406440734863,3.428370237350464,-0.9540728330612183,2.0404536724090576,-7.3191938400268555,-5.749772548675537,0.23556695878505707,-0.6721792817115784,-12.702343940734863,-6.280200958251953,-1.5604619979858398,4.110207557678223,45.245052337646484,24.475276947021484,14.444158554077148,11.268244743347168,12.460768699645996,8.469979286193848,7.458658218383789,7.100765228271484,7.855329990386963,8.821436882019043,7.589784145355225,6.959228992462158,6.1998610496521,7.604035377502441,6.5698933601379395,6.812566757202148,7.465027332305908,6.634038925170898,6.884526252746582,7.777231693267822
3906_full,3906,full_clip,161.4990234375,0.1915150284767151,0.05328218638896942,1278.1722855629826,583.1758004504497,0.3958214223384857,0.30533909797668457,0.41981056332588196,0.34949225187301636,0.43833664059638977,0.2855771780014038,0.24091821908950806,0.3068251609802246,0.18128953874111176,0.18545161187648773,0.1738501638174057,0.3064033091068268,-133.92379760742188,133.3473663330078,10.618974685668945,35.09539794921875,3.214540958404541,3.5267229080200195,-5.502723693847656,-1.0827245712280273,-4.603346347808838,2.855654001235962,-5.231119155883789,1.8329118490219116,-8.181584358215332,-6.2124152183532715,-4.807526111602783,-1.3453742265701294,-12.57207202911377,-8.912574768066406,-6.947131156921387,-0.22470605373382568,37.98992156982422,28.81688117980957,17.291234970092773,13.439515113830566,11.079167366027832,7.940393924713135,9.260095596313477,8.80549144744873,8.944944381713867,9.115588188171387,8.445688247680664,8.303749084472656,6.862305164337158,7.499802589416504,7.492591857910156,7.097086429595947,6.792576313018799,8.033669471740723,7.951220989227295,7.364234924316406
3908_full,3908,full_clip,89.10290948275862,0.18708699941635132,0.040341705083847046,890.6552382288295,238.12593404759153,0.38704562187194824,0.3980161249637604,0.6455190181732178,0.41370272636413574,0.3791119456291199,0.25601428747177124,0.2709093987941742,0.2872290015220642,0.16289155185222626,0.23467311263084412,0.1380438357591629,0.2040659338235855,-149.41680908203125,167.60337829589844,5.452182292938232,33.517696380615234,0.08607073128223419,4.167128562927246,-2.354979991912842,1.0529037714004517,-5.066903114318848,3.354436159133911,0.7758283615112305,3.3173410892486572,-4.6409711837768555,-0.17856565117835999,0.8620554208755493,-2.3234012126922607,-12.56197738647461,-12.539649963378906,-1.352818250656128,7.8720831871032715,53.178993225097656,23.167665481567383,14.041808128356934,7.450494289398193,6.687271595001221,6.16730260848999,5.383406639099121,5.595669269561768,7.703573226928711,6.536415100097656,6.238934516906738,5.996356010437012,6.129382610321045,5.622014045715332,5.530602931976318,6.803212642669678,6.464230537414551,5.800856590270996,6.543877601623535,6.798957347869873
3909_full,3909,full_clip,161.4990234375,0.20959846675395966,0.06016677990555763,907.0532443585714,391.4881195568762,0.3668665885925293,0.35346800088882446,0.6170348525047302,0.33416855335235596,0.40377768874168396,0.1978021264076233,0.24666641652584076,0.3861829340457916,0.1982955038547516,0.1793500930070877,0.18174639344215393,0.40271860361099243,-154.9198760986328,161.4850616455078,7.905228614807129,35.1848258972168,0.3189014792442322,3.002804756164551,-5.528350353240967,0.4753979742527008,-0.6183157563209534,-0.8918883204460144,-4.915654182434082,-0.13835512101650238,-9.752291679382324,-6.020991325378418,1.3007097244262695,3.4877161979675293,-9.17366886138916,-12.200873374938965,-9.5140380859375,3.6068530082702637,49.02299499511719,26.920080184936523,11.953174591064453,9.819442749023438,9.992417335510254,7.090821743011475,6.700495719909668,7.344746112823486,8.137896537780762,6.426803112030029,7.32514762878418,9.596206665039062,8.051730155944824,6.495348930358887,7.6220927238464355,7.414032459259033,7.7936248779296875,9.766042709350586,7.998382091522217,7.17184591293335
3910_full,3910,full_clip,215.33203125,0.18516959249973297,0.06659578531980515,855.194394743041,194.4073503160886,0.17324991524219513,0.27544212341308594,0.7437026500701904,0.41535142064094543,0.1768212765455246,0.20901267230510712,0.28858113288879395,0.4798389673233032,0.32707440853118896,0.35886111855506897,0.3041393756866455,0.14023464918136597,-177.21316528320312,158.47711181640625,20.777488708496094,23.208250045776367,5.517979145050049,11.523885726928711,-1.0228883028030396,5.154573917388916,-4.625645637512207,-6.237766265869141,-12.060845375061035,-4.453215599060059,1.796738862991333,-1.4641389846801758,-7.119754791259766,-7.748907566070557,-3.4817066192626953,-6.792844772338867,-12.211103439331055,-9.544828414916992,38.330772399902344,15.31468391418457,11.042937278747559,8.528884887695312,7.023350238800049,6.136686325073242,6.616942882537842,6.045943260192871,6.863945007324219,7.979826927185059,7.64630651473999,7.99484395980835,9.248161315917969,7.620417594909668,7.18621301651001,9.197794914245605,6.768373966217041,7.710757732391357,7.795483589172363,9.442602157592773
3911_full,3911,full_clip,117.45383522727273,0.21484221518039703,0.042747072875499725,918.7446105790891,290.5119579401521,0.3142302632331848,0.26269522309303284,0.4361010491847992,0.2509157061576843,0.2438914030790329,0.25923871994018555,0.3241894543170929,0.5556084513664246,0.32130303978919983,0.2701164782047272,0.24479185044765472,0.29764920473098755,-169.54052734375,145.0836944580078,20.206985473632812,42.96791458129883,3.723543643951416,8.815990447998047,-2.4421653747558594,3.6724390983581543,3.3420755863189697,3.1181015968322754,-1.14306640625,4.844637393951416,-3.798635244369507,-5.2702836990356445,-4.886521816253662,-4.006545066833496,-7.921097278594971,-2.591049909591675,-6.118368625640869,-0.7845323085784912,44.09164810180664,24.125259399414062,14.437318801879883,10.95058536529541,8.691902160644531,8.917616844177246,6.652177810668945,7.128537654876709,9.078855514526367,6.906149387359619,6.163975715637207,8.871016502380371,8.393638610839844,6.895803451538086,7.427846908569336,7.785649299621582,9.307332992553711,10.259479522705078,9.351200103759766,11.087026596069336
3912_full,3912,full_clip,99.38401442307692,0.1872619241476059,0.08424501121044159,1031.450843228612,442.32493101068513,0.18463462591171265,0.25812435150146484,0.4986659288406372,0.2928527891635895,0.22291606664657593,0.27146482467651367,0.38069432973861694,0.4935820996761322,0.3229728043079376,0.2413235306739807,0.20249316096305847,0.2818535268306732,-171.5946502685547,149.50869750976562,15.617982864379883,23.38511085510254,6.3949785232543945,10.350634574890137,0.9287763833999634,5.068828582763672,-8.940011024475098,-7.005402565002441,-10.556279182434082,-2.438749313354492,1.1762094497680664,0.37549376487731934,-6.067358493804932,-6.429804801940918,-6.471702575683594,-9.894502639770508,-9.943916320800781,-6.128711700439453,51.8330078125,28.871854782104492,13.701676368713379,8.741375923156738,8.389639854431152,7.483804225921631,7.737436771392822,6.752967357635498,6.185536861419678,7.272381782531738,7.979495048522949,7.285205364227295,7.019959926605225,8.162140846252441,7.693785667419434,7.634248733520508,7.060276031494141,8.991291046142578,8.128461837768555,8.377809524536133
3913_full,3913,full_clip,151.99908088235293,0.18883195519447327,0.05414348095655441,924.9432888871457,215.8545732541107,0.3493451178073883,0.3420430123806,0.6761171221733093,0.3665306568145752,0.2679072320461273,0.24201886355876923,0.19281159341335297,0.24509190022945404,0.19071665406227112,0.3357713520526886,0.16522997617721558,0.16349051892757416,-152.85755920410156,161.0887451171875,9.319150924682617,18.466629028320312,5.3852057456970215,14.400156021118164,-0.5678153038024902,-0.33678022027015686,-10.416448593139648,-7.891225814819336,-8.40483283996582,0.9324445128440857,-0.6965621113777161,-2.0521559715270996,-8.469132423400879,-8.793954849243164,-6.397520542144775,-12.217779159545898,-13.847929000854492,-5.533173561096191,38.32539367675781,19.120967864990234,10.169891357421875,8.8763427734375,7.286602020263672,6.155255317687988,7.90440559387207,5.600439071655273,6.492563724517822,6.287547588348389,7.513081073760986,8.281102180480957,6.158926486968994,6.087388515472412,5.58563756942749,5.7823381423950195,6.155178070068359,6.5455002784729,7.282913684844971,7.504954814910889
3920_full,3920,full_clip,107.666015625,0.10410130769014359,0.04089362919330597,1005.4130283491203,191.8169925363716,0.21306632459163666,0.23776490986347198,0.2724229395389557,0.24363476037979126,0.2523571848869324,0.11775600910186768,0.2645713984966278,0.2908966541290283,0.3855527341365814,0.22096124291419983,0.1704997420310974,0.22926785051822662,-218.95875549316406,172.14683532714844,-30.3521728515625,13.882549285888672,-5.9018964767456055,1.7933889627456665,5.313157558441162,-6.276386260986328,-5.87131404876709,-9.547246932983398,-7.262144088745117,-3.7878522872924805,-10.088671684265137,-11.828926086425781,-13.075846672058105,-8.566864967346191,-1.6514204740524292,-5.449590682983398,-11.137962341308594,-10.11736011505127,42.5482177734375,15.218465805053711,12.588873863220215,12.170608520507812,12.267679214477539,9.009964942932129,9.729819297790527,9.044182777404785,11.870539665222168,10.825822830200195,11.586555480957031,12.272723197937012,11.14177417755127,10.604426383972168,13.060325622558594,8.393210411071777,7.846991539001465,10.053475379943848,12.287710189819336,10.040542602539062
3921_full,3921,full_clip,107.666015625,0.0726839005947113,0.03269152715802193,1430.790964979951,560.709962433024,0.2299385517835617,0.19641846418380737,0.2895331382751465,0.2436486780643463,0.3505266010761261,0.26037922501564026,0.37652352452278137,0.33784013986587524,0.23484566807746887,0.22650189697742462,0.22395174205303192,0.3955710232257843,-232.5209503173828,138.8589324951172,-20.507564544677734,16.577131271362305,-4.034668922424316,2.8117761611938477,-3.1148264408111572,-1.5870709419250488,-7.098781585693359,-3.37576961517334,-2.2699766159057617,-0.3506408929824829,-8.66879940032959,-5.264376163482666,-7.994119644165039,-4.005395412445068,-7.575989246368408,-2.6680963039398193,-8.18964958190918,-1.7155276536941528,76.65740203857422,39.46311950683594,17.610258102416992,13.608219146728516,17.043203353881836,10.797711372375488,10.555655479431152,10.58197021484375,9.702659606933594,8.645081520080566,11.546079635620117,10.116722106933594,12.098161697387695,11.536447525024414,13.345149993896484,8.91484260559082,8.576763153076172,11.890599250793457,15.997161865234375,14.469775199890137
4013_full,4013,full_clip,123.046875,0.015119033865630627,0.010719994083046913,1936.422661077331,888.752384059075,0.2891690731048584,0.14082331955432892,0.18343289196491241,0.1637859046459198,0.21867665648460388,0.08358707278966904,0.10129985958337784,0.22652198374271393,0.25399288535118103,0.4696388244628906,0.34114980697631836,0.5785019397735596,-392.0730895996094,101.7916488647461,-13.74164867401123,30.018014907836914,-17.472097396850586,2.7764601707458496,3.5539371967315674,4.344533443450928,0.32403838634490967,-0.7138552665710449,-10.988020896911621,-3.5395164489746094,-6.852992057800293,3.943816661834717,2.6306097507476807,-4.9366302490234375,-2.6583268642425537,-10.47339916229248,-8.900491714477539,-6.908663749694824,109.7483139038086,43.637779235839844,28.97958755493164,17.113670349121094,13.124608993530273,12.374344825744629,12.084678649902344,12.873438835144043,9.015381813049316,10.269240379333496,11.668508529663086,9.262381553649902,12.433576583862305,10.289834022521973,8.455012321472168,9.493976593017578,10.607014656066895,8.689248085021973,8.309381484985352,10.458995819091797
4017_full,4017,full_clip,112.34714673913044,0.03011949546635151,0.02386387810111046,1895.4828471704138,560.5125710853163,0.20202483236789703,0.1881256401538849,0.36901918053627014,0.23194609582424164,0.22538679838180542,0.16515332460403442,0.2903808653354645,0.19509267807006836,0.15299737453460693,0.25268304347991943,0.1488647162914276,0.21570663154125214,-359.8134765625,77.4520263671875,-29.811216354370117,22.68584442138672,-22.014734268188477,-7.972485065460205,-7.885283946990967,-16.925230026245117,-14.42337417602539,-4.062061309814453,-7.499940872192383,-5.946017742156982,-6.359659194946289,-12.976709365844727,-8.44005012512207,-5.693041801452637,0.3999814987182617,4.227847099304199,3.723228931427002,0.5519297122955322,62.60707473754883,26.260910034179688,22.033946990966797,19.13064193725586,16.831228256225586,13.659154891967773,11.65832233428955,10.969907760620117,14.470009803771973,10.297906875610352,11.948278427124023,13.710088729858398,15.38713550567627,13.966962814331055,13.690093994140625,15.4286470413208,15.245713233947754,15.174552917480469,14.317397117614746,18.363544464111328
4037_full,4037,full_clip,172.265625,0.1048051044344902,0.0513070784509182,813.9726719595229,499.86568578389495,0.3764832317829132,0.2390710711479187,0.21086491644382477,0.19681032001972198,0.22260993719100952,0.23931929469108582,0.2735825479030609,0.6092966794967651,0.44861194491386414,0.38852158188819885,0.32728326320648193,0.38465648889541626,-264.96868896484375,141.27081298828125,25.187030792236328,45.52859878540039,20.746112823486328,23.277786254882812,15.994247436523438,13.478647232055664,-3.608574390411377,-2.1641788482666016,-7.266421794891357,-7.486615180969238,-9.158391952514648,-0.6559000611305237,-4.193710803985596,-2.197697162628174,-6.642640113830566,-1.3164573907852173,-4.90856409072876,-2.9468612670898438,57.31119155883789,24.008699417114258,14.034599304199219,10.556449890136719,10.667075157165527,7.954735279083252,8.513628005981445,7.280405521392822,7.631553649902344,7.230035781860352,7.646780014038086,7.668726921081543,8.657087326049805,6.664554119110107,6.483145236968994,6.800047874450684,6.4324951171875,6.798238277435303,8.649518966674805,6.574514865875244
4066_full,4066,full_clip,161.4990234375,0.05100978910923004,0.0344725139439106,1195.5555240665801,658.0594826146161,0.23146402835845947,0.11186885833740234,0.21212172508239746,0.21495585143566132,0.4363897442817688,0.37204509973526,0.23040376603603363,0.15689942240715027,0.15305566787719727,0.16952070593833923,0.1665981411933899,0.36821895837783813,-322.2900390625,121.78378295898438,22.8629093170166,31.697154998779297,12.743353843688965,16.260223388671875,3.4856529235839844,-2.2212283611297607,-10.014510154724121,-8.111820220947266,-13.406068801879883,-4.384738922119141,-3.8757500648498535,-1.549810767173767,-3.216721534729004,-2.0592033863067627,-3.7808151245117188,-5.533453464508057,-2.709503412246704,0.06399855017662048,85.6874008178711,34.449161529541016,19.60422134399414,12.536018371582031,11.344375610351562,10.960118293762207,9.642293930053711,9.793620109558105,8.752845764160156,8.977859497070312,11.035277366638184,12.318881034851074,13.960967063903809,14.762746810913086,13.893519401550293,10.290837287902832,9.529738426208496,11.203412055969238,8.407691955566406,9.593273162841797
4067_full,4067,full_clip,92.28515625,0.04852069914340973,0.034313615411520004,1055.2332662304723,610.2793193453894,0.19751085340976715,0.18559807538986206,0.1348733752965927,0.247990682721138,0.25021058320999146,0.14903897047042847,0.17937114834785461,0.1682206243276596,0.3318718671798706,0.3997958302497864,0.23422127962112427,0.29331696033477783,-362.5287170410156,128.05601501464844,24.552675247192383,34.399871826171875,11.777510643005371,14.125978469848633,5.155109405517578,-0.9094813466072083,-9.691819190979004,-6.301014423370361,-12.134840965270996,-10.700786590576172,-9.683091163635254,-5.640068531036377,-4.189727783203125,1.3696414232254028,0.17444121837615967,0.8383722901344299,-3.098388910293579,-8.435659408569336,94.08689880371094,33.29842758178711,21.028409957885742,12.545487403869629,12.297625541687012,11.970987319946289,11.04821491241455,9.803777694702148,8.973735809326172,8.266448020935059,9.154537200927734,10.67127799987793,13.468571662902832,13.715069770812988,14.580317497253418,14.1751708984375,14.013951301574707,10.863211631774902,10.450878143310547,10.875343322753906
4068_full,4068,full_clip,117.45383522727273,0.048887137323617935,0.027128254994750023,1211.6866062356457,578.1137880293807,0.12292775511741638,0.19536186754703522,0.25803864002227783,0.22627580165863037,0.4578222632408142,0.22228564321994781,0.21125341951847076,0.11286011338233948,0.17878539860248566,0.27666255831718445,0.15344364941120148,0.22370238602161407,-328.4534912109375,124.6102294921875,17.143152236938477,31.842042922973633,4.99357271194458,13.815384864807129,5.623073101043701,0.5031277537345886,-12.86175537109375,-10.971953392028809,-14.197097778320312,-10.999930381774902,-11.268207550048828,-14.051288604736328,-10.53289794921875,1.7693169116973877,-0.19159723818302155,3.1942665576934814,0.6961643695831299,-4.385159969329834,70.68932342529297,29.46951675415039,15.679993629455566,11.73836898803711,13.071057319641113,10.142901420593262,7.496353626251221,8.504131317138672,8.965277671813965,8.342764854431152,8.975150108337402,10.244319915771484,12.892126083374023,13.820028305053711,13.607248306274414,13.669631958007812,12.486621856689453,11.399027824401855,10.417186737060547,12.162191390991211
4069_full,4069,full_clip,123.046875,0.06962337344884872,0.01820773258805275,1687.0679040449984,467.49616763427355,0.7287881970405579,0.39133554697036743,0.3005993664264679,0.299873948097229,0.19052435457706451,0.07776318490505219,0.11782121658325195,0.3713473081588745,0.16530056297779083,0.09268724918365479,0.16792036592960358,0.2749538719654083,-202.08917236328125,104.46524047851562,5.1435627937316895,32.62522506713867,0.9523619413375854,8.145835876464844,-7.291553974151611,-9.479711532592773,-13.076221466064453,1.2333275079727173,-14.062691688537598,0.7053964734077454,-10.660672187805176,-8.538530349731445,-12.065996170043945,-6.597350120544434,-10.222321510314941,-3.630387306213379,-11.30616283416748,-14.843456268310547,50.527408599853516,20.676546096801758,10.57422161102295,9.004590034484863,8.574485778808594,6.7994771003723145,6.8325934410095215,7.276732444763184,6.266031265258789,8.11945915222168,7.38102912902832,6.146892547607422,6.352480888366699,6.131692886352539,6.016176700592041,5.600172519683838,5.896560192108154,5.913480281829834,6.267984867095947,6.203924655914307
4450_full,4450,full_clip,143.5546875,0.03723295032978058,0.027914807200431824,661.788482339054,151.1764904692955,0.15814657509326935,0.2439207136631012,0.7531622052192688,0.30994102358818054,0.0789901539683342,0.14089848101139069,0.10305959731340408,0.06117000803351402,0.18707060813903809,0.5590419769287109,0.5778428912162781,0.33453208208084106,-406.9676513671875,181.35333251953125,21.838403701782227,12.754378318786621,8.46850872039795,0.876546323299408,-7.5901994705200195,-7.767095565795898,-6.15653657913208,-4.509861469268799,-4.145565032958984,-4.265673637390137,-4.946439266204834,-6.55645227432251,-7.032116889953613,-4.488936424255371,-4.293268203735352,-5.1796722412109375,-8.30618667602539,-9.14597225189209,107.16732025146484,35.31952667236328,39.534488677978516,13.714364051818848,8.80622673034668,9.695844650268555,11.134903907775879,9.101842880249023,7.373626232147217,6.7473907470703125,6.5114970207214355,7.111410617828369,6.052674293518066,7.002994060516357,6.2852091789245605,5.183846950531006,5.316376686096191,5.885595798492432,6.71378231048584,6.922382354736328
5156_full,5156,full_clip,129.19921875,0.0997912734746933,0.05807685852050781,865.7437236238477,348.71147925784317,0.6401288509368896,0.37839022278785706,0.3957819938659668,0.2010406255722046,0.12406409531831741,0.167242169380188,0.15881173312664032,0.227440744638443,0.19391456246376038,0.2433822751045227,0.21348220109939575,0.2427079826593399,-257.97259521484375,140.61801147460938,19.884401321411133,34.14384460449219,14.557280540466309,14.355550765991211,6.590499401092529,4.790513515472412,0.23063214123249054,5.899998664855957,-3.0991783142089844,-4.140497207641602,-6.045828819274902,-6.217916965484619,-4.452193260192871,-2.288513660430908,-9.690852165222168,-9.293505668640137,-5.669415473937988,-8.960811614990234,69.85352325439453,22.272968292236328,15.975539207458496,10.53585433959961,9.224935531616211,7.392492771148682,7.64394998550415,6.969417095184326,8.361495018005371,7.343363285064697,7.791560173034668,7.658731937408447,8.1393404006958,8.893866539001465,8.492250442504883,8.360910415649414,7.278051376342773,7.560571670532227,7.896018981933594,8.915494918823242
5157_full,5157,full_clip,92.28515625,0.05340639874339104,0.023597916588187218,944.9619851625824,498.86448834039163,0.16678111255168915,0.295428603887558,0.480993390083313,0.323451429605484,0.23401182889938354,0.2790699303150177,0.19868099689483643,0.2684772312641144,0.33958855271339417,0.5807011127471924,0.3605348467826843,0.11270719766616821,-310.23040771484375,137.61549377441406,20.177701950073242,40.11137008666992,14.100435256958008,16.352758407592773,6.02488899230957,6.171815872192383,1.5751945972442627,8.628983497619629,-4.193603515625,1.7981067895889282,-9.066080093383789,-15.91244888305664,-3.9026074409484863,-0.55474454164505,-17.760311126708984,-9.923016548156738,-4.4228668212890625,-6.263754844665527,55.55604553222656,25.297216415405273,14.272285461425781,8.490846633911133,7.821074962615967,8.680145263671875,8.114129066467285,7.6345648765563965,7.703660488128662,8.4251127243042,7.240044593811035,6.594445705413818,6.375360488891602,7.079019546508789,6.255184173583984,6.973194122314453,6.966989517211914,6.28463888168335,7.155599117279053,8.196257591247559
5158_full,5158,full_clip,161.4990234375,0.05755414441227913,0.03145770728588104,922.9769236024146,378.70323020148265,0.23200353980064392,0.37941229343414307,0.6522418856620789,0.4300699234008789,0.24834464490413666,0.19053012132644653,0.13071046769618988,0.191119983792305,0.2401765137910843,0.35544440150260925,0.33514344692230225,0.17004407942295074,-306.5246276855469,136.20584106445312,15.954819679260254,40.84416580200195,15.455451965332031,18.130416870117188,5.240565776824951,7.406753063201904,4.672399997711182,7.219085216522217,-6.540948867797852,-2.2035069465637207,-8.268489837646484,-8.350751876831055,-1.8330161571502686,-2.3923351764678955,-14.390034675598145,-9.99217700958252,-7.852151870727539,-9.521987915039062,86.76933288574219,20.970640182495117,16.094411849975586,9.631800651550293,8.77972412109375,7.285368919372559,7.233691692352295,6.1912126541137695,8.11192512512207,6.723942279815674,6.797914505004883,7.50214147567749,6.829966068267822,6.514494895935059,6.221890449523926,5.901278018951416,5.733325958251953,6.4771013259887695,5.581182956695557,6.998276233673096
5159_full,5159,full_clip,123.046875,0.08211015164852142,0.03082265518605709,721.779426852635,260.1594783273297,0.27293360233306885,0.2310170978307724,0.44484952092170715,0.21301411092281342,0.1395188271999359,0.08016227930784225,0.0679754838347435,0.16301624476909637,0.28433817625045776,0.5244452953338623,0.31731224060058594,0.23086601495742798,-316.1625061035156,148.9830322265625,20.290767669677734,34.01401901245117,23.842784881591797,15.679485321044922,5.518254280090332,8.036319732666016,-6.92564582824707,5.058567523956299,-6.090246200561523,-7.503933429718018,-9.724897384643555,-9.823131561279297,-4.199424743652344,-6.313579082489014,-11.8204927444458,-10.329033851623535,-4.901246547698975,-8.335445404052734,46.71082305908203,19.753870010375977,16.8745059967041,9.777082443237305,10.288090705871582,7.393062114715576,8.174735069274902,9.641050338745117,8.832367897033691,8.452054977416992,8.828974723815918,7.4993743896484375,7.636685371398926,7.403918743133545,7.61056661605835,7.6532440185546875,7.396902561187744,8.537510871887207,7.174903392791748,8.507218360900879
5169_full,5169,full_clip,135.99917763157896,0.07092660665512085,0.03356040269136429,919.4434401328161,366.6957912755388,0.5693655014038086,0.26192405819892883,0.2112414538860321,0.1419573575258255,0.12276843190193176,0.15624572336673737,0.15555645525455475,0.3240976631641388,0.20254363119602203,0.07785016298294067,0.10448097437620163,0.3548943102359772,-289.90283203125,138.08895874023438,22.71870231628418,32.69866943359375,12.678818702697754,12.135554313659668,5.49776554107666,5.4411845207214355,-6.492411136627197,-2.292475461959839,-8.376495361328125,-3.0829217433929443,-2.182542324066162,-5.525035858154297,-6.146743297576904,-8.123449325561523,-8.917346954345703,-4.894980430603027,-7.8822340965271,-7.744308948516846,56.551902770996094,19.819507598876953,13.133842468261719,8.587601661682129,8.480581283569336,6.274477958679199,8.965195655822754,7.703476905822754,7.9826250076293945,6.67944860458374,6.069733142852783,6.689468860626221,8.021818161010742,7.740244388580322,7.189947128295898,6.738481044769287,6.841736316680908,7.053760528564453,7.274600505828857,7.474874496459961
5170_full,5170,full_clip,89.10290948275862,0.049769602715969086,0.02087162248790264,952.6575403366398,420.3853287098174,0.7488566040992737,0.3446213901042938,0.17040541768074036,0.138587087392807,0.07846341282129288,0.10181434452533722,0.15146073698997498,0.4204327166080475,0.31545087695121765,0.1414545625448227,0.12026680260896683,0.2484419345855713,-312.7271423339844,142.16497802734375,25.432340621948242,34.38017654418945,10.75165843963623,12.918766021728516,4.920352935791016,3.417776584625244,-9.395359992980957,-0.3803279399871826,-6.315693378448486,0.2337173968553543,-0.5795227885246277,-1.817689061164856,-5.34172248840332,-3.180621862411499,-7.964386940002441,-1.4845198392868042,-7.414448261260986,-6.975227355957031,64.06541442871094,27.20338249206543,11.627866744995117,8.700196266174316,8.95953369140625,7.088915824890137,8.333381652832031,6.970118999481201,6.7364277839660645,7.084935665130615,8.42411994934082,7.898739337921143,8.48027515411377,6.101037502288818,7.492011547088623,8.483039855957031,7.291004180908203,7.795220375061035,7.821930885314941,7.975249767303467
5171_full,5171,full_clip,198.76802884615384,0.07706021517515182,0.03174734488129616,1114.4334886307536,519.0682227862997,0.5390455722808838,0.30233386158943176,0.25775009393692017,0.23008358478546143,0.2534390091896057,0.4330912232398987,0.32906749844551086,0.4798535704612732,0.3183887302875519,0.16441990435123444,0.1451539695262909,0.24149109423160553,-241.73846435546875,136.40499877929688,14.2103910446167,34.10414123535156,16.158050537109375,12.797370910644531,2.6494317054748535,6.696008205413818,-3.7589566707611084,3.0155134201049805,-9.018832206726074,-1.4547325372695923,-2.4609954357147217,-4.189503192901611,-5.641402244567871,-3.327362060546875,-7.783186435699463,-3.8842766284942627,-3.6189632415771484,-3.458024501800537,85.22054290771484,27.363407135009766,16.971054077148438,8.223958969116211,8.504125595092773,8.452316284179688,7.71102237701416,6.515539646148682,7.044260501861572,6.37391996383667,5.543334484100342,6.248352527618408,6.0736565589904785,6.607440948486328,6.795310020446777,5.754115581512451,5.787539482116699,5.626450538635254,6.903684616088867,6.282343864440918
5191_full,5191,full_clip,172.265625,0.12818211317062378,0.027045896276831627,2342.8861873395153,546.7444520097338,0.3079267740249634,0.5241294503211975,0.49763450026512146,0.4517695903778076,0.6107928156852722,0.5278044939041138,0.548028290271759,0.3383195698261261,0.366121381521225,0.4522000253200531,0.3167254626750946,0.3127796947956085,-83.73609161376953,91.30760955810547,-41.93606948852539,49.43637466430664,-11.61117935180664,10.33730411529541,1.0532177686691284,4.21017599105835,0.28545400500297546,5.365822792053223,13.285479545593262,6.341696262359619,-8.339218139648438,-6.778095245361328,-11.863534927368164,-1.4795252084732056,-10.242609024047852,-5.956130027770996,-14.154175758361816,-7.068554401397705,44.12712860107422,26.065826416015625,18.109424591064453,14.1943941116333,10.838715553283691,8.939602851867676,7.010196208953857,6.887301445007324,8.772793769836426,6.485100269317627,8.637441635131836,4.947656631469727,5.721433162689209,5.349806785583496,6.611017227172852,6.475293159484863,5.149020195007324,6.004301071166992,4.95100736618042,5.62357234954834
5376_full,5376,full_clip,99.38401442307692,0.14201878011226654,0.10305367410182953,896.4068201286912,304.5368456000737,0.34146201610565186,0.1856955736875534,0.1451415717601776,0.09987190365791321,0.22168616950511932,0.23812039196491241,0.2520485520362854,0.2842693328857422,0.23433496057987213,0.3521158993244171,0.27606454491615295,0.34255892038345337,-285.0318908691406,125.10120391845703,10.403584480285645,47.250282287597656,14.035658836364746,1.4345471858978271,-1.3638885021209717,-0.4125330150127411,-2.694352149963379,-1.3490742444992065,-6.767703533172607,-10.094325065612793,-12.14301586151123,-11.45634651184082,-11.413249969482422,-7.169332027435303,-6.54863977432251,-4.98719596862793,-6.781554222106934,-6.69014310836792,114.4100112915039,27.555322647094727,31.918601989746094,15.826739311218262,12.582862854003906,11.632245063781738,9.877062797546387,7.7565598487854,7.2747673988342285,7.156742095947266,6.446249961853027,5.739421367645264,7.882237434387207,6.324398994445801,7.513736248016357,7.39201545715332,6.979241847991943,6.552710056304932,6.0697021484375,7.009528636932373
5381_full,5381,full_clip,129.19921875,0.0971708744764328,0.06427346915006638,1047.6267141559401,726.7795732289798,0.5139205455780029,0.3762579560279846,0.30811429023742676,0.216842919588089,0.18679200112819672,0.18306443095207214,0.3624671995639801,0.48046743869781494,0.2536112368106842,0.19929660856723785,0.25566384196281433,0.3738725483417511,-297.51416015625,112.87297058105469,15.192845344543457,39.14128494262695,14.031216621398926,2.302173137664795,0.20294444262981415,-3.5860719680786133,-4.385680198669434,-3.363856077194214,-7.175207138061523,-8.818570137023926,-13.970438957214355,-11.737810134887695,-10.501864433288574,-6.01051664352417,-8.169244766235352,-5.557127952575684,-5.159151554107666,-2.491421937942505,134.25302124023438,35.76591491699219,31.291046142578125,18.44385528564453,12.332444190979004,11.937837600708008,9.288368225097656,8.375239372253418,6.822331428527832,6.718682289123535,7.552109241485596,6.539555549621582,8.94881534576416,7.594037055969238,7.20847749710083,5.530887603759766,6.835945129394531,9.471367835998535,8.641117095947266,5.942266464233398
